date(dd/mm/yy),VSKP,Temperature_1,Wind_Speed_1,weather_code_1,Distance_travelled_1,YLM,Temperature_2,Wind_Speed_2,weather_code_2,Distance_travelled_2,ANV,Temperature_3,Wind_Speed_3,weather_code_3,Distance_travelled_3,SLO,Temperature_4,Wind_Speed_4,weather_code_4,Distance_travelled_4,NDD,Temperature_5,Wind_Speed_5,weather_code_5,Distance_travelled_5,BZA,Temperature_6,Wind_Speed_6,weather_code_6,Distance_travelled_6,WL,Temperature_7,Wind_Speed_7,weather_code_7,Distance_travelled_7,KZJ,Temperature_8,Wind_Speed_8,weather_code_8,Distance_travelled_8,SC,Temperature_9,Wind_Speed_9,weather_code_9,Distance_travelled_9,HYB,Temperature_10,Wind_Speed_10,weather_code_10,Distance_travelled_10
06/08/23,2,30.2,2.8,63,0,12,30.7,4.3,53,58,25,32.4,1.7,51,114,24,31.8,3.5,51,151,29,31.2,3.7,55,224,10,31.5,3.5,1,351,41,27.4,5.1,2,559,24,27.4,5.1,51,569,0,27.4,4,51,701,-15,27.4,4,51,711
07/08/23,2,31.2,2.1,51,0,8,30.7,4.2,51,58,10,31.9,3.5,51,114,24,31.9,3.9,51,151,41,31.2,3.8,51,224,30,32,3.2,51,351,60,27.3,5.1,51,559,15,27.3,5.1,51,569,10,27,4.3,51,701,-16,27,4.3,51,711
08/08/23,0,30.5,2.4,51,0,15,30.7,4,51,58,29,32.4,2.2,55,114,29,31.8,3.3,61,151,73,31.5,3.5,51,224,36,31.4,3.3,51,351,37,27.5,4.6,3,559,19,27.5,4.6,2,569,17,27,3.5,2,701,-1,27,3.5,3,711
09/08/23,1,30.5,2.3,53,0,9,30.6,3.2,51,58,15,31.8,2.2,51,114,23,31.5,2.8,53,151,76,30.9,2.7,51,224,33,31.2,2.7,61,351,30,27.7,3.6,51,559,13,27.7,3.6,51,569,8,26.6,2.7,51,701,-13,26.6,2.7,51,711
10/08/23,0,30.2,2.3,51,0,26,30.3,3,61,58,28,32.1,2.1,55,114,31,31,2.4,51,151,45,30.4,2.6,55,224,15,30.5,2.8,61,351,63,27.7,2.9,51,559,69,27.7,2.9,51,569,51,27.3,2.5,51,701,91,27.3,2.5,51,711
11/08/23,2,30.9,1.6,51,0,8,30.6,2.8,51,58,12,32.6,3.6,51,114,19,31.1,2,53,151,37,30.7,2.8,63,224,2,30.3,1.9,61,351,57,27.8,2.6,51,559,58,27.8,2.6,51,569,7,28.1,2.1,51,701,81,28.1,2.1,51,711
12/08/23,1,30.7,2.2,53,0,15,30.3,3.6,51,58,25,32.3,1.8,53,114,24,29.7,2.5,53,151,47,29.7,3.1,53,224,23,28.6,2,51,351,73,27.3,2.9,51,559,77,27.3,2.9,53,569,41,26.3,1.9,51,701,0,26.3,1.9,51,711
13/08/23,0,30.8,1.9,51,0,34,30.4,3,61,58,37,32.2,2.4,61,114,48,30.9,2.7,61,151,68,30.6,2.7,53,224,41,30.3,2.5,51,351,84,27.6,3.4,51,559,87,27.6,3.4,2,569,52,27.6,2.4,51,701,6,27.6,2.4,2,711
14/08/23,0,29.5,1.1,53,0,22,30,2.3,63,58,37,31.5,1.5,51,114,39,30.7,2.3,51,151,59,30.3,2.5,53,224,16,30.7,2.6,63,351,30,26.7,2.7,61,559,13,26.7,2.7,51,569,8,27.1,2.1,51,701,-3,27.1,2.1,51,711
15/08/23,2,30.4,1.9,53,0,10,30,3.5,61,58,9,32.1,1.9,51,114,20,30.8,2.3,53,151,32,30.3,2.1,61,224,2,30.9,2.5,53,351,31,27,2.8,55,559,0,27,2.8,61,569,0,26.7,2.6,61,701,-16,26.7,2.6,63,711
16/08/23,0,30.5,1.7,55,0,50,29.9,3.7,61,58,54,32,2.6,53,114,58,31,2.5,63,151,66,30.6,2.9,55,224,34,30.9,2.4,51,351,85,27.3,3.3,61,559,40,27.3,3.3,63,569,24,27.2,2.6,61,701,-13,27.2,2.6,61,711
17/08/23,2,29.9,1.6,65,0,13,29.3,3.3,61,58,17,31.2,2.1,63,114,18,29.9,3,61,151,29,29.3,3.2,63,224,3,28.3,1.9,61,351,18,27.3,4.4,63,559,0,27.3,4.4,63,569,0,27.2,2.9,53,701,-14,27.2,2.9,53,711
18/08/23,0,28.4,1.6,63,0,14,27.8,4.3,55,58,16,29.7,3.2,55,114,17,28.9,3.2,61,151,31,27.9,3.4,63,224,18,28.2,2.6,61,351,63,24.5,4,61,559,18,24.5,4,61,569,1,25.6,3.1,53,701,0,25.6,3.1,53,711
19/08/23,0,29,3.1,53,0,15,28.4,5.1,53,58,29,29.7,2.5,53,114,43,28.1,3.9,51,151,56,27.9,3.9,53,224,21,28.1,2.9,53,351,37,22.7,5.3,63,559,0,22.7,5.3,63,569,24,23.8,2.3,51,701,5,23.8,2.3,53,711
20/08/23,1,29,2.4,51,0,12,29.5,3.9,61,58,12,30.8,2.3,51,114,14,30.2,2.7,53,151,31,29.6,2.8,51,224,12,30.4,2,65,351,42,24.6,4.2,51,559,24,24.6,4.2,51,569,30,25.8,2.7,51,701,7,25.8,2.7,51,711
21/08/23,2,30.1,2.1,55,0,16,29.7,3.2,61,58,20,31.1,1.7,61,114,37,30.3,2.1,63,151,42,29.8,2.2,63,224,10,30,2.1,65,351,76,27,3.5,51,559,79,27,3.5,3,569,26,27,2.2,51,701,-9,27,2.2,1,711
22/08/23,1,29.5,2,63,0,24,29.2,3.3,63,58,24,28.8,1.9,63,114,26,30.2,1.9,63,151,30,29.6,2.3,65,224,8,28.6,1.8,63,351,54,27.1,2.7,63,559,10,27.1,2.7,63,569,5,27.3,2,55,701,-4,27.3,2,61,711
23/08/23,3,30.1,2.7,65,0,29,28.7,3.8,63,58,29,29.2,1.5,65,114,31,30.2,2.2,65,151,27,29.3,2.3,63,224,0,29.2,2.3,51,351,0,27.3,3.1,51,559,0,27.3,3.1,51,569,31,27.7,2.3,51,701,0,27.7,2.3,2,711
24/08/23,2,29.4,2.1,51,0,30,28.7,3.4,63,58,32,29.8,1.3,65,114,34,30.2,2.4,55,151,35,29.4,2.4,61,224,3,29.1,1.9,51,351,0,26.9,3.2,51,559,0,26.9,3.2,51,569,0,27.6,2.4,51,701,-5,27.6,2.4,51,711
25/08/23,2,29.1,2.3,63,0,23,29.1,3.3,63,58,24,29.7,2.8,63,114,25,30.9,2.7,65,151,30,30,2.6,63,224,0,29.6,2.5,2,351,33,27.8,3.2,63,559,16,27.8,3.2,63,569,0,28.4,3.1,61,701,10,28.4,3.1,61,711
26/08/23,0,26.8,1.7,65,0,27,27.7,3.1,65,58,29,27.5,2.5,63,114,28,29.4,2.3,61,151,30,28,2.1,65,224,0,28.9,2.3,53,351,19,27,3.2,51,559,2,27,3.2,63,569,0,27.5,2.5,51,701,-16,27.5,2.5,51,711
27/08/23,2,29,2,55,0,24,29.3,3.6,55,58,26,30.7,2,63,114,27,30.2,2.5,51,151,33,28.9,2.4,63,224,66,30.3,2.3,61,351,28,27.6,3.9,63,559,11,27.6,3.9,61,569,6,28,2.9,3,701,-10,28,2.9,3,711
28/08/23,2,30,1.4,65,0,21,30.6,3,55,58,22,31.9,2.7,51,114,23,31,2.6,51,151,27,30,2.6,51,224,15,30.4,2.9,51,351,29,27.3,3.9,53,559,11,27.3,3.9,51,569,33,26.7,2.7,51,701,-7,26.7,2.7,51,711
29/08/23,1,30.2,0.9,53,0,21,30.7,1.6,51,58,19,31.2,1.7,51,114,19,30.8,2.3,51,151,29,30.1,2.4,51,224,19,30.4,2.4,2,351,53,27.2,3,51,559,6,27.2,3,51,569,1,27,2,51,701,-4,27,2,51,711
30/08/23,0,30.9,1.4,51,0,18,30.3,1.2,51,58,22,30.5,1.9,51,114,24,30.8,2.2,51,151,48,30.2,2.3,1,224,17,31.2,2.3,51,351,20,27.7,3.1,51,559,3,27.7,3.1,51,569,41,27.9,2.1,1,701,15,27.9,2.1,51,711
31/08/23,0,30.7,1.1,63,0,20,30.3,1,63,58,26,30.9,0.8,63,114,28,31.5,1.8,63,151,39,30.7,1.8,53,224,1,31.6,1.9,53,351,74,27.6,2.6,51,559,29,27.6,2.6,51,569,30,28.2,1.8,1,701,0,28.2,1.8,1,711
01/09/23,0,30.8,1.9,51,0,13,30.4,1.9,61,58,17,30.4,1.7,63,114,18,31.8,1.6,63,151,23,30.7,1.4,65,224,0,31.3,1.7,51,351,45,28.7,1.7,51,559,0,28.7,1.7,51,569,15,29.1,1.3,63,701,4,29.1,1.3,63,711
02/09/23,3,29.4,2.2,65,0,18,29.8,2.6,65,58,20,30,2.5,65,114,23,30.4,1.7,65,151,22,29.7,2.2,65,224,0,30,1.6,63,351,3,29.1,1.3,63,559,0,29.1,1.3,63,569,0,28.9,1.9,63,701,8,28.9,1.9,63,711
03/09/23,0,29.3,1.7,65,0,18,29.7,2.1,63,58,19,30.2,1.8,63,114,19,28.6,2.7,63,151,32,29.1,2.8,61,224,0,28.9,2.6,63,351,46,27,2.7,61,559,2,27,2.7,61,569,0,25.1,2.5,63,701,-7,25.1,2.5,63,711
04/09/23,2,29.2,1.4,63,0,12,28.8,1.5,65,58,13,28.6,1.9,65,114,15,28.9,3.4,65,151,36,29.2,2.9,63,224,0,28.8,3.1,63,351,88,26.1,3.1,63,559,43,26.1,3.1,63,569,20,23.8,2.3,63,701,15,23.8,2.3,63,711
05/09/23,1,29.7,1.3,63,0,11,28.4,1.4,65,58,12,28.2,1.4,65,114,14,27.7,3.5,65,151,18,28,3.5,65,224,8,28,3,63,351,87,25,3.9,61,559,43,25,3.9,61,569,38,23.9,2.7,63,701,4,23.9,2.7,63,711
06/09/23,3,28.9,1.1,65,0,17,27.6,2.2,63,58,17,28.7,2.2,65,114,17,27.9,2.9,63,151,26,27.3,3.6,65,224,14,26.7,2.7,61,351,19,25.7,3.4,63,559,2,25.7,3.4,63,569,0,25.3,2.6,55,701,-2,25.3,2.6,61,711
07/09/23,2,27.7,2,63,0,9,27.7,4.4,63,58,9,28.5,2.2,65,114,20,29.2,2.8,63,151,23,28.8,3.1,55,224,9,28.5,1.9,51,351,69,24.4,4.6,63,559,25,24.4,4.6,61,569,28,25.1,4.4,53,701,-7,25.1,4.4,53,711
08/09/23,1,29.2,3.3,61,0,28,29,4.5,53,58,28,29.4,2.9,53,114,29,29.9,2.9,61,151,30,29.6,3.3,51,224,0,29.7,2.2,3,351,3,26,5.3,61,559,0,26,5.3,53,569,0,25.2,3.6,61,701,2,25.2,3.6,63,711
09/09/23,0,28.8,2.3,53,0,23,29.7,3.7,53,58,23,30.5,2.6,63,114,29,30.6,2.8,53,151,37,30.3,3.2,65,224,0,30.4,2.5,63,351,55,25.7,5.2,53,559,10,25.7,5.2,51,569,13,24.9,2.8,55,701,-9,24.9,2.8,61,711
10/09/23,3,28.4,1.9,63,0,19,29,3.7,63,58,23,30.4,2.7,65,114,25,29,3,65,151,28,28.7,3.3,63,224,1,28.6,2.6,51,351,41,25.7,4.7,63,559,24,25.7,4.7,65,569,51,24.2,3,63,701,0,24.2,3,63,711
11/09/23,0,28.4,1.1,63,0,16,28.5,3.8,63,58,30,29.4,2.8,61,114,38,27.5,3.1,63,151,63,27.1,3.5,61,224,45,26.5,2,65,351,148,25.7,4.8,2,559,130,25.7,4.8,1,569,38,26.1,2.9,51,701,3,26.1,2.9,2,711
12/09/23,4,28.7,1.2,63,0,17,28,3.6,61,58,18,29.2,3.2,61,114,25,28.4,2.8,63,151,20,28.2,3.3,63,224,10,28.5,2.8,53,351,2,26.3,4,51,559,0,26.3,4,53,569,0,25.9,2.5,51,701,15,25.9,2.5,51,711
13/09/23,1,27.9,2,61,0,14,27.4,4.3,51,58,12,28.4,3.3,3,114,12,29.4,3.1,51,151,23,28.3,2.9,51,224,0,29.2,2.6,63,351,6,25.1,3,51,559,0,25.1,3,51,569,21,26.2,2.7,51,701,10,26.2,2.7,51,711
14/09/23,2,28.3,2.5,51,0,12,28.2,5.1,61,58,16,28.3,3.7,51,114,18,28.8,2.8,51,151,53,28.4,3.1,53,224,38,28.8,2.1,63,351,29,24.3,2.6,53,559,11,24.3,2.6,55,569,30,25.7,3.2,51,701,-4,25.7,3.2,51,711
15/09/23,0,29.4,3.5,53,0,12,29.1,4.1,53,58,12,30.5,2.4,51,114,15,30,3.2,61,151,21,29.7,3.6,63,224,11,29.9,2.8,51,351,21,25.1,3.9,53,559,25,25.1,3.9,51,569,0,26.5,3.5,51,701,-20,26.5,3.5,51,711
16/09/23,3,29.5,2,61,0,12,29.5,2.7,63,58,14,31.6,2,53,114,21,30.5,2.8,51,151,42,30.3,2.7,51,224,21,30.3,2.5,51,351,45,26.7,3.2,51,559,27,26.7,3.2,3,569,125,26.4,3.4,53,701,15,26.4,3.4,53,711
17/09/23,3,29.7,1.6,63,0,21,30.3,2.5,61,58,21,32.2,1.9,55,114,25,30.7,2.4,53,151,34,30.6,2.4,63,224,8,30.4,2.2,2,351,37,27.4,2.8,2,559,0,27.4,2.8,3,569,0,26.8,2.8,51,701,0,26.8,2.8,51,711
18/09/23,1,28.9,1.6,61,0,17,30.3,1.3,53,58,15,30.3,1.9,53,114,23,31.1,2.4,2,151,29,30.4,2.6,51,224,3,30.3,2.3,51,351,137,27.9,3,63,559,119,27.9,3,51,569,13,27.5,3.2,51,701,2,27.5,3.2,53,711
19/09/23,2,28.6,0.9,53,0,8,29.8,2.2,61,58,7,30.3,2,51,114,9,30.9,2.6,53,151,27,30.3,2.5,65,224,32,30.3,2.6,63,351,0,27.6,3.3,51,559,0,27.6,3.3,51,569,0,27.7,2,51,701,0,27.7,2,1,711
20/09/23,1,27.6,2,51,0,12,28.9,2.6,51,58,12,30.5,2.4,53,114,13,30.6,2.5,61,151,26,29.5,3,65,224,0,30,2.3,51,351,6,27.9,2.7,63,559,0,27.9,2.7,63,569,19,28,2.6,65,701,-11,28,2.6,63,711
21/09/23,2,28.8,2.3,55,0,19,28.3,4.2,63,58,25,29,3,55,114,35,28.6,1.5,53,151,60,27.9,2.2,61,224,27,28,1.4,65,351,6,24.9,2,63,559,0,24.9,2,63,569,0,26,2.1,53,701,-14,26,2.1,53,711
22/09/23,0,29.2,2.6,51,0,15,28.2,4.1,53,58,13,30.2,2.3,51,114,12,28.5,1.8,61,151,19,27.8,1.9,65,224,15,27.4,2,65,351,0,25.8,2,51,559,0,25.8,2,51,569,0,24.9,1.6,55,701,-6,24.9,1.6,53,711
23/09/23,2,29.4,2.8,51,0,12,28.7,3.8,63,58,12,29.9,1.9,63,114,17,29.6,1.8,63,151,35,29.1,2,63,224,23,28.3,2,65,351,21,26.7,1.3,53,559,4,26.7,1.3,61,569,35,26.4,2.1,63,701,2,26.4,2.1,63,711
24/09/23,0,28.8,1.8,61,0,14,28.6,2.7,63,58,14,29.3,1.1,65,114,22,29.7,1.7,63,151,31,29.5,1.6,63,224,9,29.8,1.8,63,351,16,26.4,1.6,63,559,0,26.4,1.6,63,569,0,25.8,2.2,61,701,-20,25.8,2.2,51,711
25/09/23,2,29.3,1.3,63,0,35,28.6,1.8,63,58,35,29,2.2,63,114,43,29.6,2.3,65,151,52,29.3,2.2,63,224,15,29.1,1.5,51,351,31,25.4,2.6,63,559,14,25.4,2.6,63,569,0,25,1.9,61,701,5,25,1.9,61,711
26/09/23,2,29.8,1.4,61,0,20,28.4,1.5,61,58,19,28.8,1.2,63,114,23,29.8,1.4,65,151,23,29.4,1.7,63,224,10,29.2,1.7,65,351,0,26.8,1.3,63,559,0,26.8,1.3,63,569,0,25.9,1.6,63,701,-23,25.9,1.6,63,711
27/09/23,0,30.3,1.5,61,0,23,29,1.4,61,58,22,30.2,0.8,63,114,26,29.3,1,63,151,58,29.7,1.2,63,224,26,29.4,1.3,61,351,1,27.5,0.9,63,559,0,27.5,0.9,63,569,0,26.4,1.3,61,701,-16,26.4,1.3,63,711
28/09/23,0,30.3,1.4,53,0,20,29,1.3,63,58,23,30,1.1,63,114,27,30,1.1,63,151,36,29.9,1.2,61,224,6,29.1,1.8,63,351,0,27.7,1.2,63,559,0,27.7,1.2,65,569,18,26.1,1.7,65,701,-11,26.1,1.7,63,711
29/09/23,3,29.5,1.9,61,0,14,28.6,2.1,61,58,21,28.7,1.2,63,114,25,29.4,1.4,63,151,40,29.5,1.5,63,224,20,28.2,1.4,61,351,72,27,2.6,63,559,73,27,2.6,65,569,20,26.3,1.4,63,701,-1,26.3,1.4,65,711
30/09/23,2,29.7,1.9,65,0,26,29.3,3.7,63,58,27,29.7,3.1,55,114,36,29.7,2.8,61,151,54,29.6,2.8,63,224,40,29.4,2.2,53,351,50,26.5,2.5,63,559,33,26.5,2.5,63,569,42,26.5,2,51,701,4,26.5,2,53,711
01/10/23,2,29.5,2.7,53,0,10,29.5,4.2,51,58,11,30.7,2.5,63,114,4,30,3,61,151,13,29.9,3.5,63,224,0,28.5,2.1,51,351,0,26.8,3.1,61,559,0,26.8,3.1,63,569,0,26.7,2.7,63,701,-47,26.7,2.7,63,711
02/10/23,0,29,2.3,51,0,18,29,4,61,58,21,29.1,1.6,53,114,16,29.7,3,51,151,39,29.7,3.3,51,224,24,28.8,2,51,351,0,26.4,3,65,559,0,26.4,3,65,569,0,26.7,2.1,51,701,10,26.7,2.1,51,711
03/10/23,3,29.5,2.3,63,0,8,29.7,4,63,58,10,29.9,2.9,65,114,6,30,2.8,65,151,20,29.7,2.8,65,224,18,30,2.6,63,351,45,26.7,3.7,61,559,45,26.7,3.7,53,569,0,27.5,2.1,3,701,-4,27.5,2.1,3,711
04/10/23,2,29.9,1.6,3,0,10,30.2,2.8,1,58,9,31.4,2.9,1,114,6,30.4,2.3,1,151,18,30.2,2.7,1,224,0,30.1,2.1,1,351,0,26.4,3.6,1,559,0,26.4,3.6,1,569,0,27.3,1.8,2,701,-10,27.3,1.8,2,711
05/10/23,3,29.2,1.5,1,0,20,29.4,2.2,1,58,21,30.5,2.1,1,114,17,30.1,2.4,1,151,16,29.3,2.5,1,224,0,29.4,2.1,2,351,0,26.2,3.2,1,559,0,26.2,3.2,1,569,0,26.5,1.7,2,701,0,26.5,1.7,2,711
06/10/23,1,29.3,1.4,2,0,6,29,2.1,1,58,21,30.4,2.1,1,114,17,29.2,2.2,1,151,34,28.9,2.2,1,224,13,29,1.8,2,351,0,25.7,3.6,1,559,0,25.7,3.6,1,569,0,26.3,1.8,3,701,-12,26.3,1.8,2,711
07/10/23,4,30.1,1.9,51,0,4,30.1,1.5,51,58,10,31.3,1.7,3,114,5,30.2,2,51,151,20,29.9,2,51,224,5,29.6,1.8,3,351,39,26.4,2.6,2,559,22,26.4,2.6,1,569,0,26.8,1.7,1,701,-3,26.8,1.7,2,711
08/10/23,2,29.9,1.9,53,0,16,29.7,2.4,55,58,21,30.9,1.7,51,114,16,30.3,1.9,3,151,27,29.8,2,1,224,6,29.8,2,1,351,0,26.9,2.1,1,559,0,26.9,2.1,1,569,0,27,1.9,2,701,0,27,1.9,1,711
09/10/23,4,30,1.5,53,0,0,30,2.3,55,58,21,31.5,1.6,51,114,21,30.2,1.4,51,151,22,29.8,1.7,53,224,0,30.1,1.7,2,351,0,27,2,1,559,0,27,2,2,569,0,27.6,1.3,2,701,-22,27.6,1.3,2,711
10/10/23,0,30.4,1.2,51,0,8,29.8,1.7,61,58,7,31.7,1.7,55,114,4,30.5,0.9,53,151,19,30.1,1,63,224,11,29.8,1.5,51,351,39,27.4,2,51,559,22,27.4,2,53,569,0,27.8,1.7,63,701,2,27.8,1.7,65,711
11/10/23,2,30.2,1.3,1,0,3,29.4,1.2,1,58,11,31.3,1,2,114,10,30.4,1.3,2,151,22,30.2,1,51,224,22,29.1,1.3,53,351,10,27.2,2.3,1,559,0,27.2,2.3,0,569,0,27.9,1.7,2,701,5,27.9,1.7,2,711
12/10/23,0,30.3,1.3,0,0,24,29.4,1.5,1,58,25,30.6,1,1,114,22,30.1,1.6,0,151,26,30.1,1.7,1,224,0,29.4,1.5,1,351,0,26.9,1.7,1,559,0,26.9,1.7,2,569,35,27.2,1.9,1,701,-12,27.2,1.9,2,711
13/10/23,2,29.8,1,0,0,8,29.1,1.4,51,58,10,30.3,1.3,51,114,15,29.7,1.7,1,151,25,29.4,1.6,3,224,13,28.7,1.8,51,351,34,26.8,1.8,0,559,0,26.8,1.8,1,569,0,27.3,1.9,2,701,8,27.3,1.9,2,711
14/10/23,0,29.2,1.1,1,0,4,28.9,1.6,51,58,6,30.1,1.3,1,114,3,29.6,1.6,1,151,12,29,1.6,1,224,5,28.6,1.5,1,351,3,26.8,1.5,1,559,0,26.8,1.5,51,569,2,27.2,1.5,1,701,-24,27.2,1.5,1,711
15/10/23,0,29.3,1.1,2,0,3,28.8,1.1,51,58,5,30.5,1,51,114,1,30,1.7,51,151,16,29.3,1.4,0,224,5,29.1,1.5,51,351,30,26.4,1.6,51,559,13,26.4,1.6,51,569,25,27.5,1.4,2,701,121,27.5,1.4,1,711
16/10/23,0,30,1.1,1,0,8,29,1.5,2,58,9,30.9,1.3,3,114,8,29.9,2.1,3,151,19,29.3,1.8,51,224,3,28.8,1.6,51,351,17,26.1,1.9,51,559,0,26.1,1.9,53,569,25,27.7,1.7,51,701,-5,27.7,1.7,51,711
17/10/23,0,29.7,1.1,51,0,9,29.2,1.1,1,58,24,30.6,1.1,1,114,22,29.8,1.6,1,151,35,29,1.4,1,224,2,28.4,1.5,51,351,32,26.2,1.9,1,559,0,26.2,1.9,1,569,0,27.4,1.5,51,701,14,27.4,1.5,51,711
18/10/23,4,29.8,1,1,0,9,29,1.5,51,58,11,30.3,1.2,51,114,18,29.9,1.4,0,151,27,29.2,1.3,51,224,14,29,1.4,1,351,0,25.9,1.9,1,559,0,25.9,1.9,1,569,0,26.7,1.7,51,701,-40,26.7,1.7,51,711
19/10/23,0,30.2,1.5,53,0,4,28.9,2.4,63,58,4,29.9,2.5,53,114,0,30,1.4,53,151,27,29.3,1.9,51,224,17,29,1.3,51,351,0,25.8,2.2,1,559,0,25.8,2.2,51,569,0,26.7,1.9,51,701,-8,26.7,1.9,2,711
20/10/23,0,30.3,2.9,53,0,6,29.1,3.4,61,58,5,30.5,1.3,61,114,0,29.8,2,55,151,36,29.2,2.6,51,224,6,28.8,2.1,51,351,5,25.7,2.1,0,559,0,25.7,2.1,0,569,497,26.9,1.8,0,701,466,26.9,1.8,0,711
21/10/23,2,29.6,3.7,51,0,10,29,4,51,58,14,30.5,2.3,51,114,16,30.1,2.5,51,151,20,29.2,2.9,51,224,0,28.8,2.3,1,351,0,25.4,2.9,1,559,0,25.4,2.9,1,569,0,26.6,2,51,701,0,26.6,2,1,711
22/10/23,1,29.4,2.6,1,0,12,28.4,3,1,58,13,29.6,1.8,1,114,8,29.6,2.4,2,151,16,28.9,1.8,1,224,0,28.4,2.1,1,351,48,23.6,3.4,1,559,3,23.6,3.4,1,569,0,26.1,2,2,701,5,26.1,2,1,711
23/10/23,0,29.7,2.2,51,0,13,28.4,1.9,53,58,16,29.3,2.2,3,114,13,28.2,2.5,1,151,45,28.2,1.8,2,224,28,27.2,2.4,2,351,51,23.2,3.5,1,559,53,23.2,3.5,1,569,0,25.1,2.1,1,701,-7,25.1,2.1,1,711
24/10/23,2,30,1.1,51,0,4,28.9,1.7,51,58,8,30.2,2.3,3,114,4,29.3,1.8,2,151,31,28.7,1.5,3,224,0,27.2,1.8,2,351,0,23,3.2,1,559,0,23,3.2,1,569,0,24.7,2,1,701,-15,24.7,2,1,711
25/10/23,1,29.2,1.2,63,0,8,28.7,1.1,55,58,14,30,1.2,51,114,11,29.8,1.3,51,151,24,29,1.2,2,224,0,27.9,1.2,1,351,16,23.2,3.1,1,559,0,23.2,3.1,1,569,43,24.4,2.1,0,701,15,24.4,2.1,0,711
26/10/23,0,28.7,1.1,53,0,17,28.5,1.3,63,58,23,29.9,1,53,114,32,29.4,1.4,51,151,33,28.4,1.4,3,224,0,27.8,1.5,51,351,0,22.9,3.3,1,559,0,22.9,3.3,1,569,0,24.5,2,0,701,-17,24.5,2,0,711
27/10/23,1,29.1,1.4,53,0,4,28.2,2,61,58,6,29.8,1.9,53,114,6,28.8,1.5,51,151,16,28.5,1.7,63,224,0,28.5,2,51,351,37,23.1,2.7,1,559,40,23.1,2.7,0,569,0,24.4,2.1,0,701,-17,24.4,2.1,0,711
28/10/23,1,28.7,1.5,2,0,14,27.8,2.1,51,58,19,28.8,1.7,53,114,18,28.6,2,53,151,28,28.3,2,53,224,0,27.9,2.3,61,351,0,23.8,2.3,3,559,0,23.8,2.3,3,569,0,25.4,1.9,51,701,-20,25.4,1.9,51,711
29/10/23,2,28.7,1.6,51,0,3,27.7,2,51,58,3,29,2.6,51,114,1,28.8,2,51,151,12,28.2,2,51,224,0,28.3,2.1,53,351,0,24.2,1.9,1,559,0,24.2,1.9,1,569,0,26.1,1.5,51,701,-13,26.1,1.5,53,711
30/10/23,2,28.6,2,1,0,21,27.7,3.2,2,58,24,28.8,3,1,114,20,28.2,1.7,3,151,23,27.7,2.4,2,224,5,27.8,2.2,51,351,30,24.3,1.7,51,559,13,24.3,1.7,51,569,8,25.8,1.3,51,701,-4,25.8,1.3,51,711
31/10/23,1,28.6,2.6,1,0,5,27.4,3.6,2,58,6,28.7,2.8,1,114,3,28.5,2.6,3,151,6,27.4,3,1,224,15,27.6,2.4,2,351,0,24.5,1.8,2,559,0,24.5,1.8,2,569,80,25.5,1.7,2,701,15,25.5,1.7,3,711
01/11/23,0,28.8,3.3,61,0,9,27.3,3.7,61,58,15,29.2,3,55,114,11,28.7,3,53,151,23,27.6,3.1,63,224,3,27.7,2.2,2,351,0,24.7,1.7,3,559,0,24.7,1.7,51,569,29,25.7,1.5,2,701,-16,25.7,1.5,2,711
02/11/23,0,28.9,2.9,63,0,7,28.3,3.4,61,58,11,30.1,2.1,61,114,7,29,2.5,61,151,12,28.7,3,53,224,0,28.5,1.8,51,351,16,25.1,1.5,55,559,0,25.1,1.5,53,569,0,26.3,1.8,63,701,-23,26.3,1.8,61,711
03/11/23,0,28.5,1.9,63,0,15,28.2,2.2,61,58,20,28.8,2,55,114,16,28.6,2.1,61,151,34,28.3,2.4,63,224,17,28.6,2.5,55,351,0,26,1.4,51,559,0,26,1.4,53,569,0,26.7,1.4,51,701,2,26.7,1.4,53,711
04/11/23,2,26.9,1,63,0,25,27.3,1.6,63,58,33,27.1,1.7,61,114,30,27.7,2,61,151,46,27.6,2.1,63,224,16,28,1.9,61,351,23,26.3,2,53,559,6,26.3,2,51,569,39,26.5,1.5,51,701,15,26.5,1.5,55,711
05/11/23,0,27.9,1.1,61,0,14,27.6,1.9,61,58,21,28.2,2.4,63,114,31,27.6,1.8,61,151,40,27.8,1.9,51,224,10,28,2.3,53,351,62,24.7,1.5,51,559,17,24.7,1.5,51,569,12,25.3,1.4,3,701,-15,25.3,1.4,3,711
06/11/23,1,28.6,2.1,51,0,9,27.9,3.1,61,58,17,28.6,2.4,63,114,13,27,1.2,63,151,25,27.5,1.8,63,224,0,27.5,1.7,61,351,46,25.5,1.5,63,559,28,25.5,1.5,63,569,23,26,1.7,61,701,1,26,1.7,63,711
07/11/23,3,28.6,2,61,0,1,27.7,3.2,63,58,5,28.3,3.9,63,114,3,27.3,1.7,61,151,16,27.7,2.4,63,224,31,28,2.2,63,351,0,25.2,2,55,559,0,25.2,2,63,569,0,25.6,1.7,63,701,4,25.6,1.7,61,711
08/11/23,2,28.7,1.2,51,0,7,28.2,1.9,3,58,12,28.9,1.8,51,114,9,27.4,1.3,51,151,26,27.6,1.6,63,224,0,27.4,1.9,63,351,51,24.9,2,53,559,55,24.9,2,61,569,32,25.6,1.9,63,701,-11,25.6,1.9,63,711
09/11/23,2,27.8,1.3,1,0,13,27.3,2.2,1,58,24,28.1,2.1,1,114,22,27.9,1.6,1,151,30,27.5,2,1,224,19,27.9,1.7,51,351,116,24.8,2.7,3,559,116,24.8,2.7,2,569,64,26.1,1.7,2,701,-15,26.1,1.7,2,711
10/11/23,22,27.6,1.2,1,0,29,26.8,2.3,1,58,38,27.5,1.8,1,114,34,27.3,2.1,1,151,34,26.9,2.2,1,224,9,27.4,1.8,1,351,0,25.6,2.5,2,559,0,25.6,2.5,51,569,0,26.3,1.9,1,701,-16,26.3,1.9,1,711
11/11/23,1,27.7,1.1,1,0,6,26.9,2.2,1,58,14,27.6,1.4,1,114,13,27.1,2.1,1,151,16,26.8,2.1,1,224,0,26.9,2.1,1,351,11,25.1,1.9,2,559,0,25.1,1.9,2,569,0,25.9,1.8,1,701,-5,25.9,1.8,1,711
12/11/23,49,27.8,1.3,1,0,53,27.2,2.5,1,58,54,27.5,1,1,114,64,27.2,2.1,1,151,61,26.8,2.2,1,224,27,26.9,1.7,1,351,126,25.2,1.7,1,559,80,25.2,1.7,1,569,43,25.7,1.8,1,701,24,25.7,1.8,1,711
13/11/23,0,28,2.4,1,0,5,27.3,3.9,2,58,7,27.5,3.8,51,114,7,27.3,2.9,2,151,27,26.9,3.2,2,224,0,27.1,2.4,2,351,0,25.2,1.1,2,559,0,25.2,1.1,3,569,0,25.1,1.5,3,701,-69,25.1,1.5,3,711
14/11/23,2,28.1,2.8,1,0,9,27.4,4.3,2,58,13,27.7,4.9,2,114,13,27.6,3,2,151,18,27.3,3.4,2,224,18,27.4,2.6,51,351,0,25.3,1.9,2,559,0,25.3,1.9,2,569,0,25.7,1.6,3,701,-23,25.7,1.6,3,711
15/11/23,1,28.1,3.7,1,0,8,27.6,4.2,1,58,10,27.9,2.8,1,114,6,26.9,2.2,1,151,21,27.2,2.5,2,224,23,27.3,2.2,3,351,58,24.3,2.7,1,559,59,24.3,2.7,1,569,0,24.9,2,1,701,-13,24.9,2,1,711
16/11/23,2,29,3.1,2,0,2,28.5,2.1,51,58,3,29,1.3,2,114,1,28.1,1.7,51,151,12,28.1,1.9,3,224,8,27.7,1.8,1,351,0,23.4,3.5,1,559,0,23.4,3.5,1,569,0,24.6,1.6,1,701,-10,24.6,1.6,1,711
17/11/23,1,28.2,2,1,0,0,28.3,2.4,3,58,1,28.9,1.7,2,114,0,28.2,1.7,2,151,19,28.2,1.7,1,224,23,27.9,1.9,1,351,54,23.9,2.5,1,559,9,23.9,2.5,2,569,0,24.4,1.3,1,701,-23,24.4,1.3,1,711
18/11/23,5,28.2,1.7,51,0,13,27.9,3.1,51,58,23,28.5,2.1,1,114,23,28.2,2.3,1,151,44,27.9,2.6,2,224,24,27.5,1.9,1,351,80,24.8,1.3,3,559,32,24.8,1.3,3,569,32,25.4,1.9,1,701,-9,25.4,1.9,1,711
19/11/23,1,27.9,2.7,51,0,0,27.5,3.9,2,58,14,28.2,3,51,114,10,28.1,2.7,1,151,13,27.7,3.2,1,224,0,27.4,2.3,3,351,0,25,2.1,3,559,0,25,2.1,3,569,0,25.1,1.9,3,701,-26,25.1,1.9,3,711
20/11/23,3,26.9,4.5,65,0,21,26.4,4.6,65,58,25,27.1,4.2,61,114,22,27.7,3.9,63,151,20,26.9,4.2,63,224,11,27.4,2.8,51,351,69,24.7,1.6,3,559,24,24.7,1.6,3,569,9,25.2,1.6,2,701,15,25.2,1.6,2,711
21/11/23,1,25.2,3,63,0,3,25.4,3.3,65,58,8,25.5,2.4,65,114,10,25.9,3.1,61,151,19,26,3.4,63,224,7,26.6,2.9,51,351,36,24.5,2.4,51,559,19,24.5,2.4,2,569,0,24.8,1.6,51,701,-23,24.8,1.6,51,711
22/11/23,3,27.4,1.6,51,0,11,27.3,2.7,51,58,16,28.1,2.4,53,114,19,26.8,2.3,51,151,22,27.4,2.4,51,224,0,26.1,1.5,61,351,26,25.5,1.5,53,559,8,25.5,1.5,53,569,0,25.7,1.9,53,701,6,25.7,1.9,51,711
23/11/23,3,27.6,1.9,51,0,5,27.1,3.1,53,58,15,27.7,2,53,114,9,26.7,2,53,151,29,27.5,2.7,63,224,24,26.3,2,63,351,16,24.4,1.8,55,559,0,24.4,1.8,55,569,0,22.7,1.7,53,701,-10,22.7,1.7,51,711
24/11/23,2,27.1,2.7,1,0,4,27.3,3.9,1,58,10,28,3.7,1,114,5,27.9,3.2,1,151,17,28.1,3.7,1,224,30,26.8,2.4,51,351,20,24.5,2.9,61,559,3,24.5,2.9,63,569,0,23.3,2.2,53,701,-23,23.3,2.2,63,711
25/11/23,2,27.5,2.8,51,0,5,27.1,4,53,58,14,27.7,3.2,51,114,9,27.7,3,1,151,24,27.8,3.6,1,224,0,27,2.2,51,351,15,24.5,2.2,61,559,0,24.5,2.2,63,569,0,24.1,1.8,3,701,-11,24.1,1.8,3,711
26/11/23,0,27.2,2.5,1,0,21,27,4.1,2,58,27,27.9,3.2,2,114,21,27.9,3.5,2,151,30,27.6,3.8,2,224,24,27.5,2.6,51,351,0,24.9,3.2,51,559,0,24.9,3.2,51,569,27,24.8,2,51,701,-18,24.8,2,51,711
27/11/23,0,27.2,2.6,2,0,3,26.6,3.8,1,58,2,27.6,2.3,1,114,0,27.5,3.3,1,151,6,27.2,3.7,2,224,0,26.6,2.5,1,351,20,24.2,4.2,3,559,3,24.2,4.2,2,569,8,24.7,2.2,1,701,15,24.7,2.2,1,711
28/11/23,2,27,2.6,2,0,3,26.5,3.3,1,58,17,27.5,1.5,2,114,13,27.3,2.9,2,151,21,26.9,3.1,2,224,0,26.4,2.7,2,351,17,24.1,4,51,559,0,24.1,4,55,569,0,25.3,2.5,61,701,0,25.3,2.5,63,711
29/11/23,1,26.9,2.5,1,0,8,26.5,3.5,1,58,6,27.8,2,1,114,8,27.5,3.3,2,151,13,27.1,3.4,1,224,8,26.8,2.8,51,351,0,24.3,3,1,559,0,24.3,3,1,569,185,24.7,2.5,3,701,165,24.7,2.5,3,711
30/11/23,2,27,2.7,1,0,5,26.5,3.7,1,58,14,27.5,2.2,1,114,9,27.4,3.1,2,151,16,26.9,3.4,1,224,11,26.6,2.4,1,351,22,24.4,3.2,3,559,5,24.4,3.2,1,569,0,24.8,2,3,701,-11,24.8,2,3,711
01/12/23,1,27.3,3.9,1,0,3,26.7,4.5,1,58,5,27.6,2,2,114,3,27.5,3,2,151,17,27.1,3.8,1,224,10,26.7,2.4,3,351,0,24.5,2.6,0,559,0,24.5,2.6,0,569,0,24.8,1.8,1,701,-14,24.8,1.8,1,711
02/12/23,3,27.2,5.5,51,0,6,26.8,5.8,51,58,11,28.3,1.5,2,114,8,27.5,4.7,2,151,9,27.1,5.4,2,224,15,27.5,3.3,51,351,57,24.8,2.3,1,559,39,24.8,2.3,1,569,0,25.2,2.3,1,701,-23,25.2,2.3,1,711
03/12/23,3,27.4,5.7,55,0,4,26.7,6.6,61,58,10,28.7,1.3,53,114,13,27.4,5.5,63,151,33,26.7,6.2,53,224,12,27.9,4.1,61,351,31,24.8,1.9,2,559,0,24.8,1.9,2,569,0,25.2,1.6,2,701,-22,25.2,1.6,2,711
04/12/23,2,24,4.7,63,0,28,24.1,5.9,63,58,37,24.5,2.6,63,114,32,24.3,6.2,63,151,34,24.3,6.1,63,224,17,24.4,4.8,63,351,66,23.9,2.8,53,559,21,23.9,2.8,61,569,16,23.9,1.6,63,701,-28,23.9,1.6,53,711
05/12/23,0,24.5,3.9,65,0,10,24.5,5.1,65,58,25,25.4,2.4,65,114,20,24.8,7.7,65,151,18,24.9,6.6,65,224,9,24,6.1,65,351,0,21.6,4.7,63,559,0,21.6,4.7,63,569,94,22.3,3,61,701,15,22.3,3,63,711
06/12/23,0,23.8,4.1,63,0,1,24.2,3.7,63,58,5,24.3,3.9,65,114,3,24.5,3.4,63,151,12,25,3.6,61,224,20,24.2,2.6,61,351,0,19.9,4.9,61,559,0,19.9,4.9,51,569,0,22.3,2.3,53,701,-16,22.3,2.3,51,711
07/12/23,0,24.8,2.7,51,0,3,25.4,1.5,51,58,8,26.1,1.6,51,114,7,25.8,1.6,61,151,12,25.5,1.1,51,224,0,25.2,1.9,2,351,0,22.3,2.6,1,559,0,22.3,2.6,1,569,8,21.3,1.4,3,701,-40,21.3,1.4,3,711
08/12/23,1,26.1,1.9,51,0,8,25.1,1.8,51,58,17,26.3,1.1,3,114,13,26.1,1.9,51,151,13,25.9,1.3,1,224,15,25.2,1.8,2,351,0,22.4,2.8,2,559,0,22.4,2.8,2,569,0,22.6,1.4,3,701,-31,22.6,1.4,3,711
09/12/23,1,25.9,2.1,1,0,3,25.1,2.4,51,58,10,26.4,1.6,51,114,12,26.3,1.6,51,151,13,26.3,1.5,2,224,0,26,1.9,51,351,0,22.6,2.7,1,559,0,22.6,2.7,1,569,0,23.2,1.3,3,701,0,23.2,1.3,3,711
10/12/23,0,25.9,1.9,51,0,3,24.5,2.2,51,58,5,25.4,1.3,51,114,5,25.6,1.8,3,151,8,25.5,1.9,51,224,5,25.4,1.9,51,351,0,21.7,2.1,0,559,0,21.7,2.1,0,569,0,22.6,1.2,1,701,13,22.6,1.2,2,711
11/12/23,1,25.6,1.9,3,0,7,24.4,2.1,3,58,14,24.9,1.4,51,114,21,25.2,1.8,51,151,20,25.2,1.7,3,224,10,24.7,1.5,3,351,13,21.4,1.6,1,559,0,21.4,1.6,1,569,0,21.8,1.4,2,701,-8,21.8,1.4,3,711
12/12/23,0,25.2,1.7,3,0,9,24.3,2.1,3,58,11,25,1.4,3,114,8,25.4,1.6,3,151,9,25.1,1.8,3,224,19,24.9,1.7,51,351,10,21.4,1.4,1,559,0,21.4,1.4,1,569,0,22.3,1.6,1,701,10,22.3,1.6,1,711
13/12/23,2,24.7,1.6,2,0,3,24.3,2.4,3,58,8,24.8,1.8,2,114,13,25.1,1.9,3,151,9,24.9,2,2,224,1,24.5,1.5,1,351,0,21.7,1.5,1,559,0,21.7,1.5,1,569,0,22.7,1.9,2,701,-9,22.7,1.9,2,711
14/12/23,1,24.7,2.1,1,0,5,23.9,3,1,58,17,24.7,2.4,1,114,15,24.6,2.2,1,151,22,24.3,2.5,1,224,9,24.3,2.1,1,351,33,21.9,1.3,3,559,15,21.9,1.3,3,569,0,22.1,2,3,701,12,22.1,2,3,711
15/12/23,0,24.9,2.6,3,0,2,23.6,3.5,3,58,5,24.6,2.1,3,114,5,24.6,2.6,3,151,12,24.6,2.9,3,224,0,24.4,2.2,3,351,20,21.6,1.3,3,559,36,21.6,1.3,3,569,1,21.8,1.8,3,701,-42,21.8,1.8,3,711
16/12/23,2,25,2.2,3,0,23,23.7,3,2,58,34,25.2,2.5,1,114,32,25.6,2.2,3,151,20,25.3,2.3,3,224,42,25.4,2,3,351,0,22.4,1.3,3,559,0,22.4,1.3,3,569,79,22.1,1.6,3,701,0,22.1,1.6,3,711
17/12/23,0,25.1,2.2,3,0,3,23.9,3,3,58,7,24.8,2.5,3,114,5,25.1,2.6,3,151,0,24.8,2.7,3,224,0,24.7,2.2,3,351,0,21.9,2.2,1,559,0,21.9,2.2,1,569,0,22.3,1.9,3,701,5,22.3,1.9,3,711
18/12/23,1,24.5,1.9,2,0,6,23.4,2.8,3,58,14,24.6,1.4,3,114,14,24.8,2.3,3,151,27,24.4,2.5,3,224,17,24.5,1.7,3,351,31,22,2.5,1,559,13,22,2.5,1,569,0,22,2,2,701,-18,22,2,2,711
19/12/23,0,24.3,2.6,0,0,4,23.2,3.1,1,58,7,24.2,1.2,1,114,5,24.4,2.4,1,151,24,23.9,2.7,3,224,5,24,1.8,3,351,4,20.7,2.8,1,559,0,20.7,2.8,1,569,0,21.8,1.7,1,701,-42,21.8,1.7,2,711
20/12/23,1,23.5,2,1,0,20,22.5,2.8,1,58,22,23.6,3,1,114,19,24.1,2.1,1,151,21,23.6,2.4,2,224,7,23.9,1.8,3,351,0,20.5,2.4,1,559,0,20.5,2.4,1,569,0,21.2,1.7,1,701,-13,21.2,1.7,1,711
21/12/23,2,23.1,1.4,1,0,13,21.9,2,3,58,16,23.2,1.2,0,114,17,24,1.8,0,151,3,23.2,1.9,0,224,0,23.5,1.6,0,351,0,20.5,2.1,1,559,0,20.5,2.1,1,569,0,20.3,1.6,1,701,-24,20.3,1.6,1,711
22/12/23,0,22.8,1.2,1,0,9,21.9,1.7,3,58,16,23.4,1.6,2,114,13,23.6,1.5,1,151,19,23.1,1.6,1,224,0,23.1,1.5,1,351,11,20.6,1.4,1,559,0,20.6,1.4,1,569,23,20.4,1.5,1,701,-10,20.4,1.5,2,711
23/12/23,2,23.5,1.8,3,0,20,22.6,2.6,2,58,24,23.9,1,3,114,20,24.3,2,2,151,33,23.6,2.4,2,224,17,23.6,2.1,3,351,71,21.3,1.7,1,559,75,21.3,1.7,1,569,14,21,1.6,1,701,-3,21,1.6,1,711
24/12/23,6,24,1.8,2,0,11,22.9,2.9,1,58,10,24.2,1.7,1,114,4,24.4,2.3,1,151,8,23.8,2.5,1,224,6,24,2.2,1,351,0,21.5,1.8,1,559,0,21.5,1.8,1,569,0,21.1,1.8,1,701,-18,21.1,1.8,1,711
25/12/23,0,23,2.3,1,0,14,22.8,2.5,3,58,19,23.5,3,0,114,17,24,2.1,0,151,18,23.6,2.2,1,224,13,23.8,2,1,351,13,22.3,1.1,1,559,0,22.3,1.1,1,569,9,20.9,1.1,1,701,5,20.9,1.1,1,711
26/12/23,0,23.5,1.8,1,0,12,23.2,2.4,1,58,22,24.1,2.8,0,114,19,24.3,1.9,1,151,23,23.8,2.1,3,224,11,23.5,1.6,0,351,0,22.3,1.6,2,559,0,22.3,1.6,0,569,0,21.6,1.3,0,701,-25,21.6,1.3,0,711
27/12/23,0,24.7,1.6,0,0,13,24.1,2.8,0,58,16,25.7,1.1,0,114,11,25,2.2,0,151,19,24.7,2.5,1,224,0,24.5,2.1,1,351,35,22.9,2,3,559,0,22.9,2,3,569,0,22.7,1.7,1,701,-15,22.7,1.7,1,711
28/12/23,0,24.5,1.5,3,0,6,23.7,2.7,3,58,11,25.3,2.2,1,114,15,24.8,2.4,1,151,35,24.2,2.7,1,224,15,24.5,2.2,1,351,78,23,2.4,2,559,60,23,2.4,2,569,30,22.1,1.6,1,701,15,22.1,1.6,1,711
29/12/23,5,24.4,1.8,51,0,6,23.4,2.8,51,58,11,25.1,3.5,3,114,8,24.4,2.3,3,151,17,24,2.5,3,224,0,23.8,2.1,2,351,71,22.4,2.5,1,559,76,22.4,2.5,1,569,53,22.1,1.9,1,701,13,22.1,1.9,1,711
30/12/23,1,25,1.2,2,0,8,23.7,2.1,1,58,14,25.5,2.5,1,114,12,24.7,1.7,2,151,15,24.4,1.9,1,224,1,23.9,1.9,1,351,0,21.9,2.1,1,559,0,21.9,2.1,1,569,13,22.5,1.8,3,701,10,22.5,1.8,3,711
31/12/23,0,25.1,1.3,1,0,12,24,2.3,1,58,12,25.3,1.6,2,114,8,24.7,2.2,2,151,9,24.4,2.2,1,224,11,24.2,1.8,1,351,18,21.8,2.7,3,559,20,21.8,2.7,3,569,0,22.1,2.1,1,701,15,22.1,2.1,1,711
01/01/24,2,23.9,1.6,1,0,15,23.5,2.3,2,58,18,24.9,1.8,1,114,15,24.8,2,3,151,12,24.5,2,1,224,10,24.2,1.8,3,351,13,22.3,3.3,3,559,0,22.3,3.3,3,569,0,22.2,1.7,1,701,79,22.2,1.7,1,711
02/01/24,1,24,1.6,1,0,10,23.4,2.8,1,58,9,24.7,2.3,2,114,8,24.2,2.4,3,151,12,23.7,2.6,3,224,6,24.2,2.2,3,351,0,22.4,3.2,3,559,0,22.4,3.2,3,569,0,21.6,2.1,3,701,75,21.6,2.1,3,711
03/01/24,1,24,2.2,1,0,4,23.3,3.1,1,58,6,24.4,2.9,1,114,7,24.6,3.2,1,151,10,23.8,3.1,1,224,11,24.6,2.5,3,351,0,22.1,3.8,1,559,0,22.1,3.8,1,569,0,22.2,1.9,3,701,15,22.2,1.9,3,711
04/01/24,2,23.7,1.8,1,0,5,23.1,3.1,1,58,6,24.4,2.2,2,114,5,24.7,3.2,3,151,15,24.1,3,3,224,5,24.7,2.5,3,351,23,22.4,3.9,1,559,33,22.4,3.9,1,569,0,22.6,2.1,51,701,15,22.6,2.1,3,711
05/01/24,0,24.1,2.4,1,0,10,23.1,3.8,1,58,11,24,3.2,1,114,12,24.3,3.3,1,151,14,23.9,3.5,1,224,16,23.9,2.6,1,351,94,22.2,4.9,3,559,108,22.2,4.9,3,569,140,22.7,1.9,3,701,139,22.7,1.9,3,711
06/01/24,0,24.3,3.3,1,0,6,23.3,4,1,58,6,24.6,2.4,1,114,7,24.4,3.5,1,151,10,24,3.9,1,224,13,23.4,2.8,1,351,77,22.2,4.3,3,559,32,22.2,4.3,3,569,0,22.9,2.4,3,701,84,22.9,2.4,3,711
07/01/24,0,24.8,2.8,1,0,7,23.4,4.2,1,58,5,24.5,2.1,2,114,9,24.5,3.7,2,151,14,24.2,4,2,224,8,24.2,2.4,1,351,17,22.8,3.3,2,559,0,22.8,3.3,2,569,122,22.6,2.6,3,701,125,22.6,2.6,3,711
08/01/24,0,25.2,3,2,0,10,24.4,4,1,58,11,25.2,3,2,114,9,25.3,3.5,2,151,24,24.9,3.8,2,224,16,24,2.6,2,351,85,23.6,3.8,0,559,91,23.6,3.8,0,569,42,22.8,2.5,1,701,10,22.8,2.5,1,711
09/01/24,3,24.9,2.7,2,0,17,24.6,3.7,2,58,31,25.6,3.5,2,114,42,26,3.4,3,151,43,25.3,3.6,3,224,10,24.7,2.3,3,351,54,24.1,3.2,2,559,57,24.1,3.2,2,569,13,23.1,2.2,1,701,15,23.1,2.2,2,711
10/01/24,2,24.6,1.2,3,0,21,24.2,2.1,3,58,25,24.9,1.3,2,114,21,25.6,2.2,3,151,27,25.1,2.2,3,224,20,25.2,1.8,3,351,72,24.6,1.9,3,559,85,24.6,1.9,3,569,108,23.5,1.7,51,701,66,23.5,1.7,53,711
11/01/24,1,24.8,1.2,3,0,5,24.8,1.4,2,58,0,26,1.1,2,114,14,26.5,1.7,2,151,2,25.8,1.5,2,224,9,25.7,1.7,3,351,3,25.3,2.1,2,559,0,25.3,2.1,1,569,0,24.3,1.8,1,701,15,24.3,1.8,1,711
12/01/24,4,24.9,0.9,51,0,9,24.5,2.2,3,58,13,25.8,1.9,51,114,13,25.9,2.2,3,151,17,25.5,2.3,3,224,18,25.3,1.8,3,351,59,25.1,2.5,1,559,63,25.1,2.5,1,569,18,24.5,1.7,1,701,-1,24.5,1.7,1,711
13/01/24,1,25.1,1,3,0,8,24.8,1.8,51,58,7,26.5,1.4,51,114,9,26.3,1.4,3,151,21,25.9,1.3,3,224,18,25.5,1.3,51,351,28,25.2,2.1,1,559,37,25.2,2.1,1,569,3,24.9,1.6,2,701,-2,24.9,1.6,2,711
14/01/24,1,25.4,1,51,0,3,25,1.4,51,58,2,26.4,1.1,3,114,0,26.2,1.4,3,151,14,25.9,1.4,51,224,0,25.5,1.4,51,351,10,25.4,1.7,0,559,0,25.4,1.7,0,569,0,25.3,1.2,0,701,-37,25.3,1.2,0,711
15/01/24,4,25.5,1.2,51,0,13,24.5,1.9,51,58,14,25.7,1,51,114,12,25.6,2.1,51,151,14,25.3,2,51,224,7,25.2,1.8,51,351,76,24.7,2.3,1,559,87,24.7,2.3,3,569,67,24.8,1.3,2,701,141,24.8,1.3,3,711
16/01/24,1,25.4,1.7,51,0,3,24.6,2,51,58,2,25.6,1,2,114,0,25.4,2.1,51,151,6,24.9,2,51,224,4,25.1,1.9,51,351,42,24.2,3.3,3,559,51,24.2,3.3,3,569,20,24.9,1.8,1,701,-19,24.9,1.8,2,711
17/01/24,8,25.4,1.2,51,0,10,24.4,1.8,51,58,10,25.4,1,1,114,7,24.7,2.8,3,151,18,24.9,2.3,3,224,0,24.4,2.4,2,351,78,23.5,5,2,559,82,23.5,5,2,569,37,24.5,1.9,2,701,15,24.5,1.9,3,711
18/01/24,0,24.7,1.3,1,0,13,23.8,1.4,3,58,15,24.9,1.1,1,114,16,24.4,2.5,3,151,21,24.2,2.2,1,224,14,24.3,2.3,0,351,19,23.6,4.3,2,559,2,23.6,4.3,2,569,21,24.2,1.8,3,701,-19,24.2,1.8,3,711
19/01/24,3,24.6,1.2,1,0,7,23.4,1.9,1,58,17,24.9,2.4,1,114,13,24.6,2.5,1,151,10,24.3,2.4,1,224,8,24.4,2.3,1,351,47,24.5,3.4,2,559,72,24.5,3.4,2,569,16,24.2,1.6,2,701,-17,24.2,1.6,3,711
20/01/24,0,25,1.4,51,0,2,24.4,2.3,51,58,2,25.3,1.3,2,114,3,25.1,2.8,1,151,10,24.9,2.7,1,224,16,24.8,2.7,1,351,84,23.6,4.6,3,559,39,23.6,4.6,3,569,15,24.1,2.1,2,701,15,24.1,2.1,2,711
21/01/24,0,24.9,1.2,1,0,8,24.6,2,3,58,14,25.6,1.3,1,114,9,25.4,2.4,51,151,20,25,2.4,3,224,5,25,2.2,1,351,46,24,3.9,51,559,1,24,3.9,3,569,0,24.7,1.6,3,701,15,24.7,1.6,3,711
22/01/24,12,25.3,1.8,53,0,14,24.6,1.9,53,58,16,25.6,1.4,2,114,12,25.7,2.7,51,151,29,25.3,2.4,3,224,15,25.3,2,51,351,79,25.7,3.8,3,559,81,25.7,3.8,3,569,36,25,1.9,3,701,15,25,1.9,3,711
23/01/24,2,25.3,1.8,51,0,81,24.9,2.3,53,58,78,26,2.2,2,114,73,26,2.9,53,151,66,25.6,2.6,53,224,47,25.4,2.7,53,351,114,24,5.7,51,559,69,24,5.7,51,569,37,25.6,2.1,3,701,52,25.6,2.1,3,711
24/01/24,1,25.7,1.8,51,0,25,25,2.4,51,58,28,26.4,1.1,55,114,27,26.2,2.7,51,151,38,25.6,2.4,3,224,25,25.6,2.4,51,351,34,24.1,3.6,51,559,38,24.1,3.6,51,569,16,25.4,1.7,2,701,-5,25.4,1.7,3,711
25/01/24,0,25.1,2.5,53,0,16,24.4,2.3,53,58,18,26.2,1.4,51,114,12,26.3,1.8,53,151,17,25.8,1.7,51,224,7,25.9,1.7,61,351,56,23.6,1.9,51,559,12,23.6,1.9,51,569,0,23.8,1.7,3,701,-13,23.8,1.7,3,711
26/01/24,0,24.7,2.2,53,0,16,24.3,3.5,51,58,18,25.9,2.1,1,114,14,26,2.6,51,151,10,25.2,3.2,2,224,5,25.7,2.6,63,351,48,23.7,2.3,2,559,54,23.7,2.3,2,569,13,23.6,1.7,3,701,-16,23.6,1.7,3,711
27/01/24,0,25.2,1.7,2,0,19,24.5,2.8,51,58,24,25.9,1.7,51,114,36,26.1,2.1,2,151,43,25.4,2.4,3,224,36,25.3,2.2,51,351,79,23.9,1.8,51,559,86,23.9,1.8,51,569,14,23.6,1.8,3,701,-11,23.6,1.8,3,711
28/01/24,0,24.7,1.6,3,0,14,24.2,2.5,2,58,32,25.3,2.5,1,114,36,25.8,2.6,1,151,59,25.1,2.6,2,224,49,25.1,2.3,3,351,68,23.4,1.7,3,559,23,23.4,1.7,3,569,18,23.3,1.8,1,701,9,23.3,1.8,1,711
29/01/24,7,23.9,1.3,1,0,11,23.7,2.2,3,58,11,25.2,1.3,1,114,7,24.9,2.3,1,151,18,24.1,2.4,1,224,12,24.2,2.2,1,351,29,23.5,3.1,3,559,12,23.5,3.1,3,569,0,23,1.7,1,701,10,23,1.7,1,711
30/01/24,0,24.2,1.1,0,0,21,23.7,1.5,3,58,22,25,1.5,1,114,18,24.2,2.2,3,151,36,23.7,2,1,224,64,23.8,2,1,351,126,23.6,3.6,1,559,129,23.6,3.6,3,569,58,23.7,1.7,1,701,59,23.7,1.7,1,711
31/01/24,0,24.9,1.3,1,0,20,24,1.5,3,58,21,24.9,1.1,1,114,20,24.5,2.3,3,151,19,24.1,2.1,1,224,11,23.8,1.9,2,351,44,23.7,4,3,559,0,23.7,4,2,569,0,24.6,1.9,1,701,-19,24.6,1.9,1,711
01/02/24,0,24.8,1.5,2,0,6,23.8,1.7,3,58,7,25.2,1.3,3,114,0,25.9,2.7,51,151,19,24.8,2.3,1,224,12,25.2,2,53,351,55,24.5,4.9,51,559,10,24.5,4.9,51,569,0,24.7,1.7,3,701,-41,24.7,1.7,3,711
02/02/24,0,25.7,1.7,2,0,11,25.2,2,3,58,13,26.6,1.2,3,114,10,26.8,2.2,51,151,24,25.8,2,53,224,24,26.7,2.1,51,351,43,25.5,3,51,559,0,25.5,3,51,569,10,25.7,1.3,3,701,4,25.7,1.3,3,711
03/02/24,0,26.2,0.7,53,0,16,25.4,1.5,61,58,19,26.5,1.8,53,114,17,26.8,1.8,53,151,12,26.1,1.7,2,224,5,26.4,1.9,51,351,68,26.5,1.6,51,559,23,26.5,1.6,51,569,0,25.6,2.4,51,701,13,25.6,2.4,51,711
04/02/24,0,25.9,1.1,51,0,8,25.3,1.9,51,58,10,26.2,1.4,51,114,11,26.5,2.3,51,151,17,25.9,2,51,224,13,25.8,1.9,51,351,14,26.4,2.3,0,559,0,26.4,2.3,0,569,0,25.6,1.8,1,701,2,25.6,1.8,0,711
05/02/24,0,26.1,1.2,2,0,10,25.2,1.7,3,58,15,26.8,0.9,3,114,12,26.8,2.2,51,151,21,26.1,1.9,3,224,22,26.1,1.9,51,351,61,26.3,3.6,3,559,16,26.3,3.6,3,569,0,26.9,1.6,1,701,7,26.9,1.6,1,711
06/02/24,0,26.4,1.7,2,0,9,25.9,2.4,0,58,12,28.3,1,3,114,25,27.6,1.8,3,151,26,26.9,1.6,3,224,19,26.6,1.8,51,351,24,27.4,3.8,3,559,33,27.4,3.8,3,569,0,27.9,1.6,0,701,-34,27.9,1.6,0,711
07/02/24,1,26.4,1.7,3,0,5,26.5,2.2,3,58,16,28.6,1.1,0,114,14,28,1.5,3,151,15,27.5,1.4,3,224,0,26.6,1.5,3,351,17,28.9,2.1,1,559,0,28.9,2.1,0,569,0,28.3,1.4,0,701,-13,28.3,1.4,0,711
08/02/24,0,26.6,0.8,51,0,12,26.1,1.5,53,58,12,28.3,0.9,1,114,9,27.8,1.4,3,151,9,27,1.4,1,224,6,26.3,1.5,3,351,0,28.3,2.8,1,559,0,28.3,2.8,1,569,0,27.7,1.8,1,701,128,27.7,1.8,1,711
09/02/24,0,26.6,1.8,53,0,14,26.1,2.3,53,58,16,28.3,2.2,51,114,14,27.6,2.4,51,151,20,27.2,2.2,3,224,16,26.6,2.1,53,351,37,26.6,2,3,559,0,26.6,2,3,569,0,26.4,2.1,2,701,-2,26.4,2.1,1,711
10/02/24,1,26.3,1.5,1,0,11,25.6,2.9,1,58,11,25.7,2.4,1,114,9,27.1,3.4,51,151,18,26.7,3.2,3,224,23,26.3,2.6,53,351,18,25.6,4.4,51,559,1,25.6,4.4,51,569,94,26.3,2.7,51,701,15,26.3,2.7,3,711
11/02/24,0,26.2,1.9,1,0,12,25.5,2.7,1,58,17,24.2,3.9,1,114,17,26.8,3.2,1,151,18,26.2,2.9,2,224,0,26.2,2.8,1,351,0,26,5.9,51,559,0,26,5.9,51,569,0,25.9,2.3,1,701,14,25.9,2.3,1,711
12/02/24,1,25.6,1.4,1,0,10,24.5,3,1,58,12,23.9,3.2,1,114,11,25.9,3,1,151,38,25.2,3.1,1,224,24,25.3,2.8,3,351,81,25.3,5.5,3,559,36,25.3,5.5,3,569,23,25.2,2.5,2,701,2,25.2,2.5,1,711
13/02/24,0,25.4,1.5,1,0,14,24.2,2.5,1,58,17,25.3,1.4,1,114,14,26,2.6,1,151,33,25,2.4,1,224,10,25.3,2.2,3,351,26,24.8,5.4,3,559,9,24.8,5.4,3,569,4,25.6,2.3,3,701,10,25.6,2.3,2,711
14/02/24,0,25.5,1.4,3,0,5,24.2,2,3,58,9,25.7,1.2,1,114,17,25.9,2.6,1,151,34,25,2.5,1,224,41,25.6,2.3,3,351,46,25.4,4.6,3,559,2,25.4,4.6,3,569,0,26,2.2,3,701,-6,26,2.2,3,711
15/02/24,0,25.2,1,3,0,20,24.2,1.4,3,58,23,25.2,1.2,1,114,25,25.4,2.5,1,151,57,24.7,2.2,3,224,15,25.4,2.2,3,351,54,25.6,4,3,559,60,25.6,4,3,569,16,25.6,2.4,1,701,-9,25.6,2.4,1,711
16/02/24,0,25.3,1.6,3,0,40,24.5,2.4,3,58,47,25.7,0.9,0,114,47,25.2,2.2,0,151,72,24.9,2.4,0,224,35,25,1.9,0,351,103,25.3,3.9,0,559,58,25.3,3.9,0,569,48,25.2,2.3,0,701,34,25.2,2.3,0,711
17/02/24,0,25.7,1.3,3,0,4,25,1.8,3,58,11,26.3,0.9,0,114,10,25.7,2.1,3,151,10,25.6,2.1,0,224,23,25.7,1.6,3,351,86,25.9,3.6,0,559,98,25.9,3.6,0,569,47,26.2,1.8,0,701,1,26.2,1.8,0,711
18/02/24,1,26.5,1.8,2,0,5,25.6,1.9,2,58,8,26.9,0.9,1,114,5,26.4,2.1,2,151,7,25.8,1.8,1,224,14,25.3,1.8,51,351,39,26.8,4.3,2,559,47,26.8,4.3,2,569,0,26.6,2,1,701,-25,26.6,2,1,711
19/02/24,1,27,2.2,1,0,3,25.6,2.4,1,58,13,27.9,1.5,2,114,10,26.8,2.9,3,151,11,26.4,2.4,3,224,0,26.6,2.5,3,351,17,26.7,4.5,2,559,0,26.7,4.5,2,569,0,26.7,2.3,2,701,160,26.7,2.3,2,711
20/02/24,1,27.2,2.1,1,0,12,26,3.3,1,58,15,27.8,1.7,3,114,17,27.2,3,3,151,35,26.4,2.5,3,224,22,26.1,2.3,3,351,50,27.3,4.1,1,559,4,27.3,4.1,1,569,0,27.1,1.6,3,701,15,27.1,1.6,3,711
21/02/24,2,27.4,2.3,1,0,25,26.4,3.3,1,58,26,28.9,1.7,3,114,21,27.8,2.8,3,151,25,27,2.3,3,224,16,26.8,2.4,2,351,93,28.2,4,1,559,49,28.2,4,1,569,44,28.1,1.6,1,701,9,28.1,1.6,1,711
22/02/24,0,27.5,2.5,1,0,6,26.3,3.3,1,58,13,28.6,1.3,55,114,10,28.3,3,51,151,8,27.4,2.6,51,224,49,27.6,2.5,3,351,161,27.5,2.9,3,559,116,27.5,2.9,3,569,147,27.4,1.6,1,701,104,27.4,1.6,1,711
23/02/24,2,27.7,2.3,2,0,7,27,2.8,51,58,8,29.2,2,55,114,5,28.8,2.8,51,151,16,27.9,2.3,55,224,9,28.2,2.8,51,351,26,27.3,1.9,51,559,9,27.3,1.9,51,569,20,26.9,2.1,0,701,-23,26.9,2.1,0,711
24/02/24,1,28.1,1.7,53,0,4,27.3,2.4,61,58,6,28.7,1.2,61,114,3,28.4,3.2,51,151,3,27.7,2.7,51,224,16,28,2.9,55,351,58,27.9,4,61,559,14,27.9,4,61,569,2,27.2,2.4,51,701,-11,27.2,2.4,51,711
25/02/24,1,27.9,1.6,1,0,1,26.8,2.1,51,58,1,28.2,1.5,51,114,0,27.8,3.4,1,151,3,27.4,2.9,51,224,17,27.4,3,51,351,0,26.7,5.1,61,559,0,26.7,5.1,55,569,0,26.7,2.5,51,701,-2,26.7,2.5,51,711
26/02/24,0,27.6,1.7,1,0,7,26.9,3.5,1,58,5,27.9,1.9,1,114,20,27.8,3.7,51,151,38,27.2,3.3,2,224,11,27.2,3.3,51,351,0,27,5.7,51,559,0,27,5.7,51,569,0,25.8,3.2,51,701,155,25.8,3.2,51,711
27/02/24,2,27.6,1.6,0,0,9,26.6,2.7,1,58,11,28.1,1.2,0,114,7,27.4,2.6,1,151,11,27,2.6,1,224,5,27,2.2,3,351,51,27.1,4.8,3,559,6,27.1,4.8,3,569,26,26.8,2.5,3,701,-9,26.8,2.5,3,711
28/02/24,1,27.6,1.6,0,0,17,26.8,2,3,58,22,27.7,1.7,0,114,20,27.3,2.3,1,151,16,26.9,2.2,1,224,15,26.9,2,3,351,20,27.3,3.4,3,559,2,27.3,3.4,3,569,0,27.4,1.6,1,701,-8,27.4,1.6,1,711
29/02/24,0,28.9,1.4,51,0,12,28,2,51,58,14,29.1,1,2,114,10,28.5,2.1,51,151,16,28.1,2.1,1,224,0,28.3,1.7,1,351,44,28.5,2.8,1,559,0,28.5,2.8,1,569,0,28.1,2,1,701,-14,28.1,2,1,711
01/03/24,2,28.3,1.6,3,0,6,27.7,1.8,53,58,11,29.2,1.2,51,114,6,28.6,2.7,51,151,20,28.1,2.4,51,224,19,28.4,2.1,51,351,51,29,3.2,51,559,54,29,3.2,0,569,30,29,2.1,2,701,0,29,2.1,2,711
02/03/24,0,27.9,1.9,1,0,7,27.1,2.2,3,58,14,29,1.2,2,114,13,28.4,2.7,3,151,17,27.6,2.3,3,224,13,28,2.5,3,351,79,28.9,5.2,1,559,62,28.9,5.2,1,569,23,29.9,2,2,701,-21,29.9,2,2,711
03/03/24,1,28.3,2.2,1,0,34,27.1,2.7,2,58,39,29.2,2.1,1,114,45,28.6,2.8,51,151,51,27.6,2.5,2,224,55,27.7,2.4,3,351,37,29.5,5,2,559,20,29.5,5,2,569,0,28.9,1.7,1,701,40,28.9,1.7,2,711
04/03/24,0,28.1,2.1,1,0,10,27,2.6,1,58,14,28.9,1.2,2,114,12,28.3,3,3,151,10,27.5,2.3,3,224,28,27.6,2.5,2,351,0,28.9,4,2,559,0,28.9,4,2,569,0,28.3,2,2,701,-12,28.3,2,2,711
05/03/24,5,28.1,1.5,2,0,10,27.1,2.2,3,58,11,29,1,1,114,11,28.2,2.4,51,151,29,27.7,2,3,224,12,27.7,1.7,3,351,11,29.6,3.8,2,559,0,29.6,3.8,2,569,0,28.3,2.2,3,701,5,28.3,2.2,2,711
06/03/24,2,28.4,2,1,0,8,27.5,2.3,3,58,13,29.3,1.4,3,114,18,28.3,2.8,51,151,36,27.7,2.4,51,224,31,27.6,1.8,2,351,21,29.7,4,3,559,4,29.7,4,3,569,0,30.2,2.1,3,701,-7,30.2,2.1,3,711
07/03/24,1,28.7,1.9,1,0,19,27.8,2.5,3,58,21,29.6,1.3,3,114,17,28.7,2.5,51,151,20,28.2,2.1,3,224,17,28.1,2.1,1,351,56,30.6,4.1,2,559,62,30.6,4.1,2,569,27,30.3,1.9,1,701,-10,30.3,1.9,1,711
08/03/24,5,28.9,1.3,61,0,9,28.4,2.4,61,58,9,30.4,1.4,51,114,10,29.1,2.5,53,151,9,28.9,2.1,51,224,16,29.2,2.2,51,351,29,30,2.9,1,559,0,30,2.9,0,569,0,29.6,1.5,1,701,7,29.6,1.5,1,711
09/03/24,1,29.2,1.6,53,0,8,28.1,2.1,61,58,7,29.8,1.6,2,114,9,29.3,2.9,51,151,6,28.8,2.4,3,224,15,28.6,2.3,53,351,1,30.5,2.8,3,559,0,30.5,2.8,3,569,0,29.6,1.6,2,701,4,29.6,1.6,2,711
10/03/24,1,29.1,1.3,2,0,8,28.3,2,3,58,9,29.8,2,1,114,5,29.3,3.2,51,151,8,29,2.7,51,224,22,28.8,2.5,51,351,45,29.7,4.7,51,559,48,29.7,4.7,3,569,15,28.6,2.4,51,701,14,28.6,2.4,51,711
11/03/24,0,29.1,1.8,1,0,20,28.3,2.1,3,58,25,29.8,1.4,1,114,21,29.2,2.9,51,151,26,28.7,2.6,51,224,3,28.9,2,51,351,33,30.2,4.5,3,559,0,30.2,4.5,3,569,1,29.1,1.6,2,701,13,29.1,1.6,2,711
12/03/24,2,29,2.4,1,0,12,28.6,3.6,51,58,12,30.6,1.5,51,114,16,29.7,2.9,1,151,11,28.9,2.8,3,224,18,28.7,2.5,1,351,49,31.6,3.7,2,559,4,31.6,3.7,1,569,0,30.4,2,2,701,15,30.4,2,2,711
13/03/24,2,28.9,2.5,51,0,8,29,3.6,51,58,26,30.5,1.7,53,114,21,29.8,3.2,51,151,25,29,2.9,51,224,10,29.3,2.8,51,351,0,32.4,4.2,2,559,0,32.4,4.2,2,569,0,31.6,1.9,2,701,-2,31.6,1.9,2,711
14/03/24,1,28.8,2.4,51,0,13,28.8,3.4,1,58,15,30.1,1.2,55,114,10,29.7,2.7,51,151,9,28.9,2.2,3,224,5,29.8,2.5,2,351,18,31.7,3.8,1,559,21,31.7,3.8,51,569,0,30.3,1.9,0,701,-24,30.3,1.9,0,711
15/03/24,2,28.4,1.8,2,0,19,28.1,3,1,58,25,30,2,3,114,19,29.1,2.8,3,151,15,28.2,2.4,3,224,0,29.3,2.5,3,351,0,31.5,4.7,51,559,0,31.5,4.7,51,569,20,29.1,2.1,2,701,-17,29.1,2.1,2,711
16/03/24,1,28.3,1.9,2,0,5,27.6,2.4,3,58,26,29.6,1.3,3,114,20,29.2,3.3,51,151,20,28.5,2.5,3,224,0,29.2,2.7,3,351,26,30.2,6,51,559,0,30.2,6,53,569,2,28.3,2.8,61,701,15,28.3,2.8,51,711
17/03/24,0,28.8,1.2,2,0,20,27.9,1.9,3,58,25,29.8,1.3,2,114,22,29.3,3,53,151,20,28.7,2.5,3,224,10,28.8,2.1,51,351,30,27.5,4.4,53,559,35,27.5,4.4,51,569,0,28,2.9,51,701,-16,28,2.9,63,711
18/03/24,1,28.8,1.4,2,0,10,28.1,2.3,2,58,13,30.1,1.3,53,114,7,29.2,2.1,3,151,8,28.6,1.9,3,224,10,28.7,2.2,51,351,69,27.2,4.4,51,559,81,27.2,4.4,51,569,38,28.9,1.8,51,701,-30,28.9,1.8,51,711
19/03/24,1,28.9,1.1,53,0,14,27.8,1.8,3,58,21,30.1,0.9,51,114,25,29.6,2.6,53,151,24,28.6,2.2,3,224,0,28.7,2.4,51,351,0,29,5.3,63,559,0,29,5.3,51,569,1,28.8,2.3,51,701,-11,28.8,2.3,51,711
20/03/24,0,24.7,1.5,55,0,9,25,2.5,61,58,21,25.8,1,63,114,17,28.6,2.6,65,151,27,27.4,2.8,65,224,8,28.1,2.3,63,351,25,28,3.1,65,559,8,28,3.1,63,569,32,26.8,2.6,51,701,1,26.8,2.6,51,711
21/03/24,2,26.3,1.2,53,0,14,25.6,1.8,61,58,13,26.8,1.7,53,114,11,28.4,3.2,51,151,12,27.5,2.7,51,224,15,28.3,2.5,3,351,0,28.1,4.6,2,559,0,28.1,4.6,51,569,10,27.8,1.9,3,701,-4,27.8,1.9,3,711
22/03/24,1,28.4,1.8,1,0,7,26.9,2.4,3,58,9,28.3,1.3,51,114,4,29.3,2.8,3,151,12,28.2,2.2,3,224,4,29.1,2.7,1,351,48,29.8,4.1,3,559,3,29.8,4.1,3,569,0,29.3,1.6,1,701,8,29.3,1.6,1,711
23/03/24,0,28.8,2.2,51,0,6,27.6,2.8,51,58,6,29.2,1.7,53,114,5,29.6,2.8,55,151,7,28.8,2.4,51,224,9,29.6,2.7,51,351,25,30.8,4.8,0,559,8,30.8,4.8,0,569,7,30.4,2.1,1,701,4,30.4,2.1,1,711
24/03/24,0,28.7,2.5,1,0,5,27.8,2.6,53,58,8,29.7,1.3,3,114,5,29.8,3.2,51,151,13,29.1,2.6,51,224,4,29.7,2.6,51,351,43,30.8,5.4,51,559,46,30.8,5.4,51,569,0,31.1,1.9,51,701,-24,31.1,1.9,1,711
25/03/24,0,28.7,1.9,1,0,9,28,2.3,1,58,18,30,1.5,3,114,15,29.4,2.6,53,151,18,28.8,2.1,61,224,13,29.3,2.3,51,351,16,31.5,5.1,3,559,0,31.5,5.1,3,569,0,30.3,1.7,2,701,-5,30.3,1.7,2,711
26/03/24,1,28.8,2.1,0,0,14,27.6,2.5,0,58,19,29.4,2.7,1,114,15,29,3,3,151,13,28.6,2.5,3,224,10,29.2,2.4,3,351,0,31.6,5.4,0,559,0,31.6,5.4,0,569,0,31,1.9,1,701,101,31,1.9,1,711
27/03/24,1,28.9,2.2,1,0,3,27.8,2.8,1,58,2,28.7,1.5,3,114,0,29.4,3,51,151,6,28.7,2.6,3,224,0,30.2,2.5,2,351,42,31.3,4.9,1,559,47,31.3,4.9,1,569,71,31,2,2,701,38,31,2,2,711
28/03/24,5,29.2,3.6,1,0,8,29,3.2,1,58,12,27.7,4.2,1,114,10,30.2,2.8,3,151,15,29.5,2.4,3,224,0,29.6,2.4,1,351,62,32,4.2,0,559,68,32,4.2,1,569,66,31.9,1.7,1,701,57,31.9,1.7,1,711
29/03/24,1,29.4,4.9,0,0,5,29,3.2,0,58,8,28.2,4.3,1,114,4,30.4,3.2,3,151,8,29.6,2.7,3,224,20,30.1,2.7,2,351,47,33.3,5,1,559,50,33.3,5,1,569,47,32.8,2.3,1,701,90,32.8,2.3,2,711
30/03/24,1,29.7,4,1,0,5,29,3.1,1,58,12,28.1,4.3,1,114,8,30.8,3.1,3,151,21,29.9,2.5,3,224,14,30.5,2.3,3,351,35,33,5.2,2,559,39,33,5.2,2,569,39,32.9,2.2,2,701,11,32.9,2.2,1,711
31/03/24,0,29.9,3.6,0,0,15,29.3,3.5,0,58,21,28.2,4.3,2,114,18,30.7,2.8,51,151,30,29.9,2.4,3,224,3,30.2,2.3,3,351,47,32.9,4,1,559,53,32.9,4,1,569,35,31.7,1.8,0,701,12,31.7,1.8,0,711
01/04/24,1,29.7,3.8,1,0,5,29.4,3.7,1,58,6,29,4.5,1,114,1,31.1,3.3,1,151,8,29.6,3,3,224,2,29.7,2.4,3,351,29,33.6,4.4,1,559,33,33.6,4.4,2,569,33,32.4,1.8,2,701,0,32.4,1.8,1,711
02/04/24,0,29.9,4.1,1,0,17,29.6,4,1,58,30,29.1,3.8,2,114,27,31.2,3.2,3,151,32,29.9,2.8,3,224,0,30.6,2.6,51,351,69,34.7,4.1,1,559,74,34.7,4.1,1,569,28,33,2.1,1,701,51,33,2.1,2,711
03/04/24,5,29.6,3,3,0,11,29.3,3.7,2,58,16,30.9,1.5,3,114,15,31.2,3.5,51,151,29,29.9,3,51,224,8,30.9,2.8,51,351,34,33.5,3.7,2,559,38,33.5,3.7,1,569,48,33.1,2,3,701,11,33.1,2,3,711
04/04/24,10,29.8,2.8,1,0,16,29.8,4,1,58,18,31.4,1.6,3,114,15,31.4,3,3,151,19,30,2.9,3,224,13,31.4,2.5,3,351,52,33.8,5,51,559,58,33.8,5,51,569,19,33.4,1.9,2,701,29,33.4,1.9,2,711
05/04/24,2,30,2.3,2,0,20,30.6,4,1,58,24,32.7,1.5,51,114,21,32,3,2,151,36,30.6,3.1,3,224,11,31.9,2.8,3,351,53,34.9,4.3,2,559,55,34.9,4.3,2,569,62,33.8,1.4,2,701,32,33.8,1.4,3,711
06/04/24,2,30.3,2.2,1,0,8,30.9,3.7,1,58,11,32.8,2.6,1,114,14,32.1,2.7,1,151,25,30.8,2.6,3,224,15,32.5,2.5,1,351,34,36,4.4,2,559,97,36,4.4,2,569,199,33.7,1.5,2,701,180,33.7,1.5,2,711
07/04/24,0,30.5,2.7,1,0,23,30.2,3.1,0,58,22,31.8,1.7,0,114,28,32.9,3.7,0,151,33,30.9,3,0,224,0,32.5,2.8,0,351,62,33.2,3,2,559,66,33.2,3,2,569,15,34.7,2,2,701,-15,34.7,2,2,711
08/04/24,1,30.4,2.8,51,0,11,29.5,3.7,63,58,15,31.3,1.7,51,114,10,30.7,4.3,1,151,10,30.4,4.3,51,224,9,31.2,4.3,1,351,59,32.4,5.7,2,559,62,32.4,5.7,51,569,50,31.3,2.9,1,701,17,31.3,2.9,1,711
09/04/24,2,30.5,1.2,0,0,11,29.5,2,0,58,65,31.2,1.1,0,114,58,31.2,3.6,0,151,78,30.6,3.2,0,224,55,31.5,3.4,51,351,96,31.3,4.8,51,559,106,31.3,4.8,51,569,123,29.9,3.2,1,701,95,29.9,3.2,0,711
10/04/24,2,30.5,1.2,0,0,28,29.5,1.8,0,58,32,31.3,1.2,0,114,27,30.6,2.8,0,151,42,30,2.5,1,224,15,30.6,2.5,3,351,17,31.9,5.3,2,559,20,31.9,5.3,2,569,41,30.8,2.2,2,701,7,30.8,2.2,2,711
11/04/24,1,31.1,1.6,3,0,9,29.2,2,3,58,13,31.2,1.3,1,114,9,30.9,2.9,2,151,28,30,2.4,1,224,7,30.9,2.2,51,351,21,30.1,3.8,51,559,26,30.1,3.8,51,569,27,30,2.9,2,701,10,30,2.9,2,711
12/04/24,1,31,1.1,51,0,23,29.7,2.2,2,58,28,31.5,1.8,1,114,22,31.3,3.2,1,151,42,30.5,2.8,2,224,2,31.2,2.8,53,351,67,28.5,3.6,65,559,71,28.5,3.6,65,569,88,29.7,2.4,61,701,56,29.7,2.4,63,711
13/04/24,0,30.9,1.1,1,0,13,30.1,1.9,1,58,19,31,1.3,1,114,15,31.3,2.7,2,151,28,30.6,2.4,51,224,27,31,2.1,53,351,56,30.6,3.4,3,559,57,30.6,3.4,2,569,37,29,2.2,55,701,15,29,2.2,61,711
14/04/24,3,30.8,1.1,0,0,8,30.3,1.8,0,58,17,31.5,1,0,114,12,31.5,2.8,0,151,17,31,2.5,3,224,17,31.6,2.6,3,351,45,32.6,4.3,51,559,48,32.6,4.3,51,569,6,31.8,2.2,0,701,13,31.8,2.2,1,711
15/04/24,5,31,1.6,0,0,27,30.4,2.6,1,58,46,32.1,1.9,0,114,46,32.1,2.6,51,151,61,31.5,2.1,3,224,50,31.6,2.1,3,351,75,33.9,4,0,559,77,33.9,4,0,569,56,33,2.1,1,701,22,33,2.1,2,711
16/04/24,0,31.4,4.7,1,0,10,31.7,3.7,1,58,11,30.3,4.8,51,114,23,33,2.9,1,151,33,31.8,2.8,1,224,18,32.6,3.8,1,351,71,34.8,4,1,559,74,34.8,4,1,569,59,34,1.9,1,701,86,34,1.9,1,711
17/04/24,0,30.8,5.3,51,0,9,31.9,3.9,51,58,15,29.7,4.8,51,114,10,33.6,2.7,1,151,11,32.5,2.8,2,224,13,33.4,3.7,1,351,57,35,3.7,2,559,67,35,3.7,1,569,52,33.6,1.6,51,701,49,33.6,1.6,51,711
18/04/24,0,30.6,5.1,1,0,3,31.6,3.6,1,58,14,29.7,5,1,114,13,33.1,2.6,53,151,18,32,2.7,55,224,0,33.8,3.9,0,351,55,35.7,3,1,559,59,35.7,3,1,569,37,32.8,1.7,1,701,-16,32.8,1.7,1,711
19/04/24,0,30.9,3.1,1,0,24,31.3,4,1,58,37,32.5,2.6,2,114,33,33.1,3.3,53,151,31,31.8,3.1,53,224,12,33.3,2.7,3,351,84,34.5,3.9,3,559,91,34.5,3.9,51,569,126,33,2.5,51,701,98,33,2.5,51,711
20/04/24,1,30.8,3.1,1,0,8,31.3,3.9,1,58,17,32.9,2.2,63,114,13,33.1,3,61,151,32,31.7,2.9,51,224,24,33,2.6,3,351,93,34.4,3.9,61,559,106,34.4,3.9,61,569,141,30.7,1.9,53,701,108,30.7,1.9,51,711
21/04/24,2,30.4,2.1,1,0,5,31.1,3.3,1,58,13,33,1.4,65,114,10,33,2.8,65,151,19,31.9,2.6,63,224,0,33.2,2.9,2,351,5,33.4,3.9,53,559,45,33.4,3.9,51,569,10,32.4,1.6,63,701,-25,32.4,1.6,61,711
22/04/24,5,30.4,2.1,1,0,21,31.1,3,2,58,27,33,1.4,2,114,24,32.9,2.4,3,151,39,31.8,2.3,3,224,11,32.8,2.3,3,351,31,34.3,3.2,1,559,36,34.3,3.2,1,569,38,32.8,1.8,1,701,2,32.8,1.8,1,711
23/04/24,8,30.3,1.4,1,0,27,31.3,2,3,58,35,32.8,1.7,1,114,38,32.5,2.3,51,151,65,31.7,1.8,3,224,37,32.8,2.4,51,351,63,34.8,3.1,3,559,67,34.8,3.1,3,569,86,33,2.1,1,701,50,33,2.1,1,711
24/04/24,0,30.7,1.7,3,0,13,31,2.6,3,58,26,32.7,1.4,3,114,21,32.7,2.5,51,151,54,31.9,2.2,3,224,34,32.9,2,1,351,62,34.7,4,1,559,72,34.7,4,1,569,37,33.3,1.4,2,701,-8,33.3,1.4,1,711
25/04/24,0,31.1,2,2,0,19,30.9,2.6,3,58,27,32.6,1.3,3,114,23,32.9,3,3,151,34,31.9,2.5,3,224,10,33,2.7,1,351,26,35,3.8,1,559,29,35,3.8,1,569,34,34.1,2,1,701,-8,34.1,2,1,711
26/04/24,1,31,1.7,1,0,7,31.2,3.1,1,58,30,32.4,1.8,1,114,27,33.1,3,2,151,25,32.1,2.6,3,224,0,33.4,2.7,3,351,52,35.2,4.5,1,559,57,35.2,4.5,1,569,18,35.5,1.8,2,701,6,35.5,1.8,2,711
27/04/24,2,31.1,1.6,51,0,9,31.4,3.1,51,58,14,32.4,1.9,51,114,9,33.1,2.8,51,151,22,31.9,2.5,61,224,22,33.3,2.5,3,351,75,35.2,3.9,1,559,79,35.2,3.9,1,569,96,34.7,1.6,1,701,64,34.7,1.6,1,711
28/04/24,1,31.1,2.1,1,0,11,31.7,3.3,1,58,17,33.1,1.3,1,114,11,33.2,3.2,1,151,22,32.2,2.7,2,224,18,33.5,2.6,1,351,46,35.7,4.5,1,559,51,35.7,4.5,1,569,22,35.5,1.9,2,701,-24,35.5,1.9,3,711
29/04/24,0,31.3,2.6,1,0,7,31.6,3.4,1,58,13,32.9,0.9,1,114,8,33.4,3.2,1,151,20,32.2,2.8,3,224,5,33.4,2.7,3,351,26,35.6,4.9,1,559,35,35.6,4.9,1,569,10,35.2,1.8,1,701,-18,35.2,1.8,1,711
30/04/24,0,31.4,3,1,0,7,31.8,4.4,1,58,14,33.1,1.5,1,114,14,33.3,3.5,51,151,16,31.6,3.3,3,224,5,33.2,2.9,2,351,57,36.3,4.8,1,559,56,36.3,4.8,1,569,17,35.8,1.8,1,701,100,35.8,1.8,1,711
01/05/24,0,32.2,5.9,1,0,12,31.9,4.5,1,58,18,30.9,5.6,2,114,20,34.3,3.9,2,151,52,32.5,3.9,51,224,22,34.2,3.3,2,351,73,37.3,4.2,0,559,79,37.3,4.2,0,569,45,35.2,2.1,1,701,-7,35.2,2.1,1,711
02/05/24,0,31.7,3.8,1,0,24,31.7,4.4,1,58,33,32.7,1.3,1,114,30,34.4,4.3,2,151,37,32.6,4,2,224,15,34.4,3.5,1,351,28,37.5,2.7,0,559,29,37.5,2.7,0,569,4,34.6,2,0,701,-10,34.6,2,0,711
03/05/24,0,32,2.7,2,0,6,31.8,4,2,58,15,33.2,1.9,51,114,13,34.1,4,3,151,29,33,3.5,2,224,0,34.4,3.6,1,351,62,36.5,2.7,3,559,66,36.5,2.7,3,569,27,35,1.6,0,701,-18,35,1.6,0,711
04/05/24,0,31.7,2.6,2,0,8,31.6,4.2,2,58,14,33.3,1.7,51,114,11,34,4.1,63,151,25,32.8,3.9,65,224,19,34.1,3.1,3,351,62,35.8,3.8,1,559,70,35.8,3.8,1,569,50,35,1.2,0,701,14,35,1.2,0,711
05/05/24,0,31.6,3.1,1,0,4,31.5,4.6,51,58,22,33.2,1.9,51,114,21,34.5,4.2,61,151,23,32.9,4,51,224,6,34.5,3.4,65,351,29,36,4.3,1,559,35,36,4.3,1,569,7,34.5,1.8,1,701,-10,34.5,1.8,1,711
06/05/24,3,31.4,3.5,65,0,3,31.5,4.2,65,58,7,33,1.6,65,114,6,34.2,4.3,51,151,11,32.8,4,1,224,6,34,3.5,1,351,67,36,4.2,2,559,74,36,4.2,1,569,36,34.8,1.9,1,701,11,34.8,1.9,1,711
07/05/24,3,27.8,1.6,3,0,4,28.9,2.2,51,58,6,28.3,1.6,55,114,12,30.8,4,63,151,23,29.7,3.2,63,224,9,30.8,4.8,65,351,75,31.8,6.5,65,559,83,31.8,6.5,63,569,77,31,2.7,63,701,82,31,2.7,53,711
08/05/24,0,29.6,1.4,61,0,12,29.6,2.4,55,58,17,30.2,1.2,63,114,19,29.3,2.7,61,151,28,29.6,2.4,2,224,19,30.3,2.6,2,351,48,31.2,3.7,1,559,52,31.2,3.7,51,569,30,29.5,2.6,51,701,-4,29.5,2.6,51,711
09/05/24,0,30.1,1.1,63,0,13,29.8,2.2,63,58,22,31.6,1.5,63,114,20,31.2,2.8,63,151,30,30.9,2.5,63,224,9,31.3,3,55,351,36,31,5.8,63,559,38,31,5.8,63,569,15,30.7,1.8,63,701,1,30.7,1.8,53,711
10/05/24,2,30,1.7,51,0,19,29.7,1.9,63,58,21,29.7,0.9,61,114,16,31,2.6,63,151,41,30.6,2.2,51,224,18,30.1,2.6,53,351,49,31.8,4.6,1,559,51,31.8,4.6,1,569,12,30.2,1.6,65,701,-3,30.2,1.6,65,711
11/05/24,3,31,1.8,51,0,11,30.7,2.6,53,58,25,30.8,1.4,61,114,19,31.9,2.5,53,151,26,31.4,2.2,63,224,10,32,2.8,51,351,83,33.2,4.7,0,559,89,33.2,4.7,1,569,53,31.7,1.9,1,701,-1,31.7,1.9,2,711
12/05/24,6,31.1,1.4,51,0,17,30.2,2.2,51,58,29,30.9,1.7,51,114,23,31.8,2.7,61,151,53,31.1,2.1,61,224,29,32,2.5,61,351,40,33.1,4.6,53,559,43,33.1,4.6,53,569,25,31.5,2,63,701,-4,31.5,2,63,711
13/05/24,1,30.3,1.9,1,0,24,30.7,2.2,53,58,36,30.8,1.5,55,114,33,31.3,2,53,151,42,30.6,1.7,63,224,38,31.8,1.9,63,351,68,31.6,2.6,3,559,78,31.6,2.6,51,569,44,29.7,2.1,51,701,-2,29.7,2.1,51,711
14/05/24,2,29.9,1,51,0,6,30.6,1.8,61,58,22,30.7,1.2,53,114,20,31.4,1.6,53,151,35,30.6,1.9,65,224,9,30.9,2,63,351,51,32.5,4.3,53,559,55,32.5,4.3,53,569,2,31.4,2,51,701,-26,31.4,2,53,711
15/05/24,2,31.6,1.3,53,0,27,31.2,2.1,63,58,39,31.9,1.5,63,114,66,31.7,2,55,151,77,31.4,1.8,63,224,61,32.1,2.3,63,351,104,32.5,3.5,53,559,107,32.5,3.5,63,569,102,30.9,1.7,55,701,55,30.9,1.7,53,711
16/05/24,0,28.8,1,61,0,10,29,1.6,65,58,36,28.4,1,63,114,32,29.8,2.1,63,151,43,29.1,2,63,224,15,30.1,2.3,65,351,87,30.1,4.5,65,559,95,30.1,4.5,65,569,46,28.4,2.2,63,701,15,28.4,2.2,63,711
17/05/24,6,30.4,1.1,51,0,32,28.9,1.7,55,58,38,30.9,1.3,63,114,48,28.5,1.9,61,151,60,29,1.9,63,224,22,28.4,1.7,63,351,120,26,3.4,63,559,134,26,3.4,63,569,136,27.1,1.6,51,701,103,27.1,1.6,53,711
18/05/24,2,31.3,1.6,53,0,23,30.4,2,61,58,29,31.5,0.8,61,114,24,30.3,1.6,61,151,41,30.1,1.4,63,224,22,29.2,1.8,63,351,66,28,3.7,63,559,73,28,3.7,61,569,35,27.4,1.3,61,701,-15,27.4,1.3,63,711
19/05/24,2,31.7,1.7,55,0,28,30,2,53,58,41,31.2,1.3,53,114,49,30.6,2.1,63,151,86,30.1,2,65,224,63,29.2,2.1,63,351,65,28.6,3.2,61,559,69,28.6,3.2,55,569,47,27.8,1.2,61,701,29,27.8,1.2,63,711
20/05/24,2,31.5,1.5,53,0,26,30.8,2.1,53,58,38,30.7,1.1,53,114,39,31.2,1.8,55,151,47,31.1,1.9,61,224,6,30.3,2,65,351,49,32,4.4,53,559,54,32,4.4,53,569,22,28.4,0.9,63,701,5,28.4,0.9,63,711
21/05/24,0,32,1.3,53,0,4,31.1,1.9,63,58,7,31.9,1.7,51,114,4,32.4,2.1,51,151,34,31.7,2.4,51,224,6,32.2,2.3,63,351,35,33.1,4.8,61,559,38,33.1,4.8,63,569,41,31,1.5,61,701,15,31,1.5,51,711
22/05/24,0,31.6,1.3,51,0,15,31.5,2.5,51,58,24,32.3,2.2,51,114,22,32.4,3.1,51,151,27,32.1,3,51,224,10,32.2,2.8,65,351,70,33,4.7,65,559,77,33,4.7,65,569,29,31.3,1.7,63,701,10,31.3,1.7,63,711
23/05/24,1,32.5,1.2,51,0,19,31.3,2.5,55,58,23,32.6,2,53,114,22,32.5,2.1,2,151,35,31.9,2.2,51,224,10,32.6,2.4,51,351,40,33.5,4.3,51,559,38,33.5,4.3,51,569,0,30.1,1.4,3,701,14,30.1,1.4,3,711
24/05/24,2,32.1,0.8,63,0,11,31,1.3,63,58,16,30.6,1,53,114,14,31.9,2,61,151,28,31,1.8,65,224,52,32.3,2.4,63,351,95,34.6,4.8,3,559,92,34.6,4.8,3,569,46,32.7,1.6,53,701,19,32.7,1.6,51,711
25/05/24,4,30.6,1.4,53,0,15,29.6,2.1,51,58,19,29.1,1.9,61,114,15,30.2,2.1,51,151,17,29,1.7,63,224,10,27.7,2.3,65,351,60,34.2,5.6,61,559,65,34.2,5.6,63,569,40,32.8,3,51,701,14,32.8,3,51,711
26/05/24,2,31.8,2.2,3,0,13,31.8,3.8,3,58,15,33.2,1.8,3,114,10,33.4,3,3,151,25,31.9,3.1,3,224,4,32,2.5,1,351,60,36,4.4,2,559,69,36,4.4,2,569,33,31.6,3,53,701,-15,31.6,3,51,711
27/05/24,6,32,3,2,0,9,33.3,4.4,1,58,13,33.6,1.8,3,114,10,34.4,3.6,3,151,11,33.2,3.4,3,224,10,33.1,3.7,51,351,102,38.6,6.1,51,559,107,38.6,6.1,3,569,111,31.9,4.1,2,701,87,31.9,4.1,2,711
28/05/24,0,32.5,2.8,1,0,14,34.2,4.6,51,58,21,34.9,1.7,1,114,17,34.9,3.6,1,151,38,33.5,3.4,1,224,16,33.7,3.6,3,351,27,35.6,5.8,2,559,31,35.6,5.8,2,569,5,32.4,4.2,3,701,-21,32.4,4.2,3,711
29/05/24,0,32.7,2.7,3,0,24,33.8,3.9,3,58,40,35,1.9,1,114,34,35.7,3.3,1,151,52,34,3.4,1,224,15,34.6,2.8,1,351,57,38.7,4.7,1,559,69,38.7,4.7,1,569,26,33.3,3.4,2,701,-3,33.3,3.4,3,711
30/05/24,1,32.6,2.7,2,0,13,32.9,3.2,2,58,21,33.6,1.9,1,114,18,36.1,2.9,1,151,40,34,2.9,1,224,15,35.6,2.4,2,351,42,39.4,4.2,1,559,48,39.4,4.2,1,569,0,33.7,2.2,1,701,-21,33.7,2.2,1,711
31/05/24,1,32.5,2.1,3,0,4,32.6,3.4,51,58,14,33.9,1.8,53,114,10,35.8,2.8,51,151,17,33.6,2.8,1,224,14,35.5,2.2,51,351,83,39.2,3.4,2,559,91,39.2,3.4,2,569,33,34.3,2.6,1,701,-4,34.3,2.6,1,711
01/06/24,0,29.7,2,61,0,23,31.1,3.3,51,58,25,30.8,1.1,51,114,24,33.1,3.7,51,151,28,31.6,3.2,51,224,28,33,2.9,3,351,71,36.3,4.8,55,559,79,36.3,4.8,51,569,42,34.5,1.6,3,701,0,34.5,1.6,3,711
02/06/24,6,29.5,1.7,53,0,12,30.3,2.1,61,58,12,30.8,1.5,61,114,7,30.9,2.9,53,151,12,30.4,2.4,65,224,16,32.2,2.2,65,351,95,33.8,4.1,65,559,99,33.8,4.1,65,569,99,31.8,2.9,65,701,63,31.8,2.9,65,711
03/06/24,2,28.9,1.7,3,0,8,29.5,2.6,3,58,6,29.8,1.9,51,114,6,30,1.8,51,151,8,29.7,1.9,51,224,0,30.5,2.1,61,351,67,28.3,3.4,53,559,70,28.3,3.4,51,569,42,27.7,2.1,63,701,1,27.7,2.1,63,711
04/06/24,0,30.9,1.8,51,0,5,31.8,3.3,51,58,8,32,2.2,53,114,6,33.3,1.7,61,151,26,31.7,2.4,61,224,3,33.1,2.4,55,351,35,30.9,2.8,53,559,44,30.9,2.8,61,569,7,29.1,1.3,61,701,-12,29.1,1.3,63,711
05/06/24,3,29.7,1.9,53,0,13,30.9,3.1,65,58,32,30.7,2.2,65,114,28,32.2,2.2,65,151,26,31.5,2.9,65,224,10,32.5,3.4,65,351,47,31.1,2.5,65,559,50,31.1,2.5,63,569,18,28.2,1.7,63,701,-13,28.2,1.7,63,711
06/06/24,5,29.8,2.4,3,0,16,30.1,4,55,58,19,30,2.1,53,114,15,30.3,2.1,63,151,23,29.3,2.2,51,224,0,29.7,1.9,63,351,52,31.4,3,65,559,52,31.4,3,65,569,0,27.8,2.2,65,701,-25,27.8,2.2,63,711
07/06/24,0,30.5,2.5,55,0,11,30,4.3,61,58,14,30.2,1.4,61,114,11,30.2,2.2,61,151,5,29.3,2.4,55,224,0,29.1,1.8,61,351,47,31.5,2.7,51,559,51,31.5,2.7,51,569,37,27.3,1.6,53,701,-9,27.3,1.6,61,711
08/06/24,0,30.1,2.9,2,0,2,30.2,4.8,3,58,3,30.8,2.2,51,114,4,30.1,2.8,51,151,22,29.3,2.7,51,224,14,30,2.7,51,351,82,30,4.5,51,559,79,30,4.5,51,569,23,26.2,1.7,55,701,15,26.2,1.7,63,711
09/06/24,1,30.8,3,1,0,6,30.9,4.9,2,58,13,31.9,2.6,3,114,8,31,3.2,3,151,19,30.2,3.4,51,224,19,30.5,2.7,51,351,76,30.3,4.2,61,559,80,30.3,4.2,61,569,58,26.9,1.5,53,701,13,26.9,1.5,53,711
10/06/24,1,30.8,2.7,51,0,19,30.5,4.5,53,58,22,31,1.8,51,114,27,30.5,2.4,63,151,47,29.7,2.8,63,224,13,29.4,2.4,53,351,57,31.7,3.3,61,559,66,31.7,3.3,63,569,26,27.9,2.4,63,701,-10,27.9,2.4,63,711
11/06/24,1,30.6,2.4,2,0,2,31.4,4.1,2,58,4,31.9,2,3,114,0,31,3.5,51,151,11,30.5,3.6,51,224,12,31.2,3.4,51,351,47,32,4.4,51,559,41,32,4.4,51,569,2,26.4,2.9,63,701,-24,26.4,2.9,63,711
12/06/24,1,29.6,1.5,51,0,11,31.1,3.6,3,58,18,30.8,2.1,51,114,16,31.8,3.4,3,151,10,30.3,3.1,51,224,5,32.1,3.1,63,351,40,31,4.6,63,559,43,31,4.6,65,569,0,27.7,3.1,63,701,-27,27.7,3.1,63,711
13/06/24,1,29.6,1.5,63,0,5,30.8,3.9,61,58,5,31.3,3.4,3,114,7,31.7,3.2,3,151,0,31.1,3.1,53,224,11,31.4,2.8,63,351,16,31.2,3.2,63,559,22,31.2,3.2,63,569,9,27.8,3.2,63,701,-26,27.8,3.2,63,711
14/06/24,2,30.6,1.6,2,0,25,31.5,2.9,63,58,31,31.8,2.3,61,114,29,32.7,3.2,63,151,37,31.6,3,63,224,20,32.4,3.7,65,351,92,28.9,3.7,65,559,97,28.9,3.7,63,569,67,28.4,3.2,63,701,50,28.4,3.2,61,711
15/06/24,5,29.9,2.2,61,0,21,32.3,2.4,61,58,30,31.1,2,65,114,28,33.5,3.4,65,151,20,32.6,3.1,63,224,0,33.5,3.2,55,351,58,31.2,3,63,559,62,31.2,3,63,569,22,29.5,3.5,51,701,5,29.5,3.5,53,711
16/06/24,1,31.1,1.2,55,0,8,31.9,3.1,63,58,13,33.2,2.3,65,114,8,33.9,3,65,151,4,32.2,3,65,224,2,32.3,3.4,51,351,39,29.8,3.2,63,559,47,29.8,3.2,63,569,9,30,2.6,53,701,-21,30,2.6,61,711
17/06/24,2,30.7,2.1,63,0,8,31.7,4,65,58,0,33.2,2.3,63,114,3,33.6,2.6,61,151,8,31.8,2.9,63,224,17,32,1.8,53,351,49,32.1,2.6,53,559,52,32.1,2.6,51,569,2,28.1,1.8,61,701,15,28.1,1.8,61,711
18/06/24,1,31.4,3.1,61,0,4,32.2,4.6,65,58,6,33.3,2.6,63,114,2,33.1,3.2,65,151,7,32.6,3.6,65,224,4,32,2.9,63,351,49,32.2,2.1,63,559,52,32.2,2.1,53,569,32,29.5,2.6,51,701,15,29.5,2.6,51,711
19/06/24,0,31,2.9,2,0,9,31.7,4.7,2,58,10,31.1,2.6,53,114,15,31.8,2.9,53,151,20,30.4,3.3,51,224,9,30.6,2.4,51,351,45,29.8,3.1,61,559,57,29.8,3.1,61,569,32,29.4,3.5,63,701,-10,29.4,3.5,63,711
20/06/24,1,31.2,2.7,63,0,8,31.7,4.3,63,58,10,32.1,2.2,65,114,9,32.8,3.2,63,151,17,31.3,3.5,53,224,13,31.9,2.5,3,351,32,26.7,3,53,559,35,26.7,3,51,569,0,29.8,4.2,53,701,-45,29.8,4.2,51,711
21/06/24,2,30.1,2.2,63,0,17,31.5,3.2,55,58,21,31.2,3.7,51,114,17,32.6,3.4,63,151,16,31.6,3.1,55,224,15,32.5,3.3,61,351,55,28.7,3.2,63,559,73,28.7,3.2,63,569,58,28.2,3.7,53,701,15,28.2,3.7,61,711
22/06/24,1,30,3,61,0,3,29.9,3.5,63,58,4,29.3,3,63,114,1,30.6,2.4,63,151,6,29.7,2.5,63,224,8,30.5,1.9,53,351,29,27.2,3.9,63,559,0,27.2,3.9,63,569,4,28,1.8,63,701,7,28,1.8,63,711
23/06/24,3,28.9,2,55,0,5,29.3,3.6,61,58,7,28.8,2.5,63,114,2,29.7,1.4,63,151,9,29,1.7,65,224,0,28.9,2,61,351,32,29.1,3.3,65,559,36,29.1,3.3,65,569,28,27.1,1.6,53,701,-15,27.1,1.6,61,711
24/06/24,1,30.4,2.3,51,0,8,30.2,3.2,51,58,9,31,2.1,61,114,5,31.6,2.5,53,151,8,30.9,2.5,63,224,16,30.9,2.6,51,351,72,30.6,3.2,51,559,78,30.6,3.2,51,569,34,28.2,2,51,701,15,28.2,2,51,711
25/06/24,0,30.5,2.1,63,0,2,30.6,3.3,65,58,1,30.6,2.2,65,114,18,33,2.7,65,151,30,31.2,2.5,61,224,18,32.3,1.9,63,351,24,30.8,3.8,51,559,27,30.8,3.8,53,569,21,28.7,2.4,63,701,-22,28.7,2.4,63,711
26/06/24,0,28.6,1.5,63,0,10,29.7,2.8,65,58,17,29.7,2.6,65,114,16,30.6,3.6,63,151,14,30.4,3.5,63,224,10,30.9,2.5,61,351,37,28.4,5,63,559,40,28.4,5,63,569,15,29.5,4,63,701,-13,29.5,4,61,711
27/06/24,0,27.4,1.7,65,0,36,27.5,4.3,63,58,13,26.9,3.2,61,114,13,28.1,3,63,151,11,27.5,3.1,63,224,0,27.7,2,61,351,38,25.8,5,63,559,45,25.8,5,63,569,17,27.1,3.5,63,701,-12,27.1,3.5,63,711
28/06/24,0,28.6,2.4,53,0,2,28.7,5.2,63,58,3,28.4,2.8,63,114,5,29.3,3,63,151,14,28.6,3.3,63,224,1,28.1,1.7,63,351,0,25.6,5.8,65,559,0,25.6,5.8,63,569,0,26.3,3.2,61,701,0,26.3,3.2,55,711
29/06/24,0,29.3,2.5,63,0,9,28.7,5.3,63,58,9,29.3,3.4,63,114,4,29.7,2.7,63,151,9,28.9,3.2,63,224,18,29.4,2.3,3,351,37,26.5,3.5,63,559,0,26.5,3.5,63,569,0,27.1,3.2,53,701,-10,27.1,3.2,55,711
30/06/24,1,29.4,2.7,61,0,3,27.8,5.1,53,58,5,28.6,1.6,63,114,9,27.8,2.6,63,151,23,27.6,3.2,65,224,5,26.6,1.4,63,351,57,25.2,4.3,61,559,55,25.2,4.3,63,569,41,26.2,3,61,701,10,26.2,3,61,711
01/07/24,1,28,2.4,55,0,7,28.4,5.2,63,58,10,28.8,2.9,55,114,9,28.8,3.2,61,151,10,28.3,3.7,63,224,12,28.3,2.2,61,351,35,26.8,3.3,51,559,41,26.8,3.3,51,569,17,27,3.2,51,701,5,27,3.2,51,711
02/07/24,1,29.2,2.7,51,0,4,29.9,5,3,58,4,30.9,1.8,3,114,2,30.6,3.7,51,151,21,30,3.8,51,224,5,30.9,2.9,3,351,63,28.8,5.5,53,559,15,28.8,5.5,55,569,18,27.9,4.4,53,701,3,27.9,4.4,55,711
03/07/24,0,29.4,2.3,3,0,11,29.9,4.7,51,58,13,31,1.8,51,114,10,30.7,2.8,51,151,17,30.3,3.2,51,224,0,30.7,2.1,61,351,42,29.8,5.8,51,559,45,29.8,5.8,51,569,13,27.4,3.6,3,701,-16,27.4,3.6,3,711
04/07/24,1,29.6,2,61,0,2,30.5,3.9,61,58,4,31.7,3.1,51,114,1,31.8,3.3,55,151,8,31.4,3.3,55,224,14,31.5,3.1,51,351,44,29.9,4.4,51,559,48,29.9,4.4,51,569,4,28.8,4.1,51,701,-21,28.8,4.1,51,711
05/07/24,0,29.8,3,63,0,7,29.6,4.6,63,58,9,30.1,2.3,53,114,7,30.9,2.9,51,151,26,29.8,3.2,53,224,5,30.4,1.9,61,351,33,29.4,5.5,53,559,37,29.4,5.5,61,569,33,27.8,4.2,53,701,13,27.8,4.2,53,711
06/07/24,0,29.2,2.3,55,0,1,28.8,5.2,53,58,1,28.6,2.6,61,114,0,27.8,3.3,63,151,21,28.1,3.9,65,224,7,28.6,2.3,63,351,69,28.3,6.1,61,559,73,28.3,6.1,55,569,38,26.1,4,61,701,14,26.1,4,63,711
07/07/24,0,28.7,1.8,55,0,7,29.3,4,55,58,8,29.7,2,61,114,15,28.1,2.2,65,151,35,28.4,2.9,63,224,17,28.2,1.6,61,351,15,27.2,5.3,61,559,43,27.2,5.3,61,569,5,27,3.7,63,701,6,27,3.7,63,711
08/07/24,3,28.1,2.1,63,0,18,28.5,2.8,65,58,21,29.3,2.5,65,114,16,29.7,2.7,63,151,36,29.4,2.4,65,224,17,30,2.2,63,351,67,26.5,3.3,63,559,91,26.5,3.3,63,569,37,26.1,2.2,63,701,-10,26.1,2.2,63,711
09/07/24,0,28.4,2.3,63,0,6,28,3.9,65,58,9,28.8,2.5,63,114,13,28.1,2.1,65,151,18,27.6,2.5,65,224,10,28.4,1.7,63,351,31,27.2,4.2,61,559,42,27.2,4.2,61,569,32,26.9,2.7,63,701,-18,26.9,2.7,61,711
10/07/24,0,28.6,2,61,0,11,28.9,3.4,65,58,10,29.2,1.8,65,114,5,30.2,2.5,63,151,5,29.7,2.3,61,224,6,30.6,2.5,51,351,17,27.8,3.5,61,559,35,27.8,3.5,55,569,35,28.1,3.3,61,701,-3,28.1,3.3,55,711
11/07/24,0,29.4,2.7,65,0,6,29.9,4.1,53,58,6,29.1,2.9,63,114,4,30.9,3.2,63,151,14,30.4,3.3,63,224,4,31.4,2.9,53,351,62,28.6,3.6,61,559,68,28.6,3.6,63,569,33,27.8,3.6,63,701,11,27.8,3.6,63,711
12/07/24,6,29.7,2.9,63,0,14,29,4.8,63,58,29,29.6,2.8,63,114,41,29.7,2.8,63,151,54,29,3.5,61,224,30,28.6,1.6,63,351,39,27.7,4.8,63,559,59,27.7,4.8,63,569,9,26.6,3.4,63,701,11,26.6,3.4,61,711
13/07/24,1,30.2,2.7,61,0,0,28.5,5.3,63,58,24,28,1.9,63,114,35,27.4,3.5,63,151,48,27.4,4.3,65,224,28,27,2.2,65,351,93,26.5,5.7,63,559,96,26.5,5.7,61,569,79,26.7,4.2,55,701,47,26.7,4.2,53,711
14/07/24,0,28.7,2.1,63,0,12,28.3,4.9,63,58,19,27.7,2.3,51,114,21,27.2,3.9,53,151,30,26.9,4.4,63,224,14,26.8,2.8,61,351,28,25,5,63,559,35,25,5,63,569,16,25.6,4.1,63,701,11,25.6,4.1,63,711
15/07/24,1,28.3,1.7,63,0,11,27.8,4.2,63,58,15,28.4,1.5,63,114,30,26.9,3.4,61,151,35,27.2,3.8,61,224,18,26.1,1.7,63,351,55,26.2,4.9,65,559,56,26.2,4.9,65,569,25,24.8,3.1,63,701,-15,24.8,3.1,63,711
16/07/24,0,28.6,2.1,65,0,12,28.7,4.5,63,58,16,29.1,1.2,65,114,18,28.7,3.4,63,151,75,28.2,3.2,63,224,69,28.8,2.3,63,351,85,26.6,5.1,63,559,90,26.6,5.1,63,569,19,26.6,3.9,61,701,12,26.6,3.9,61,711
17/07/24,0,29.2,2,65,0,10,28.3,4.2,63,58,17,29.5,1.3,63,114,21,29.7,3.6,63,151,29,28.7,3.5,63,224,15,29.9,3.3,61,351,18,26.6,5.6,61,559,0,26.6,5.6,63,569,0,26.7,4.3,61,701,-19,26.7,4.3,61,711
18/07/24,0,27.4,1.7,63,0,10,27.5,4,63,58,14,28.1,2.1,63,114,21,27.4,3.6,63,151,21,27,3.9,65,224,3,27,2.6,63,351,34,26.4,6.7,65,559,43,26.4,6.7,63,569,30,26.4,4,61,701,-8,26.4,4,61,711
19/07/24,0,25.5,2.6,65,0,25,26.1,5.8,63,58,28,26,0.8,63,114,29,26.2,5.8,63,151,33,25.7,5.6,65,224,5,26,3,63,351,82,25.3,8.8,63,559,83,25.3,8.8,63,569,15,25.1,4.6,63,701,15,25.1,4.6,63,711
20/07/24,1,26.2,2.9,61,0,4,26.8,6.9,65,58,6,26.5,3,63,114,7,26.2,5.5,65,151,10,26,6.1,63,224,3,26.4,4.4,61,351,37,23.5,9.4,63,559,35,23.5,9.4,63,569,0,23.4,4.9,61,701,-7,23.4,4.9,61,711
21/07/24,3,26.3,3.8,61,0,6,26.9,7,63,58,27,25.8,2.4,63,114,31,26.8,4.3,63,151,36,26.3,5.1,63,224,13,26.5,2.2,63,351,24,24.3,8.2,63,559,21,24.3,8.2,63,569,15,24,4,63,701,-4,24,4,63,711
22/07/24,5,26.3,3.4,53,0,11,26.8,6.3,53,58,19,26.4,2.5,61,114,24,28.3,4.4,61,151,25,27.4,4.5,61,224,12,28.2,3,61,351,19,24.7,7.7,55,559,20,24.7,7.7,61,569,14,25.8,4.1,61,701,-3,25.8,4.1,61,711
23/07/24,4,27.4,2.2,63,0,6,28.3,6.4,61,58,0,28,2.9,61,114,16,29.4,4.7,61,151,15,29,5.5,63,224,1,28.9,3.9,61,351,46,24.1,7.6,63,559,49,24.1,7.6,55,569,10,25.1,5,55,701,-25,25.1,5,63,711
24/07/24,0,26.9,2.2,53,0,4,28.2,7.1,61,58,10,28.1,1.3,61,114,9,29.2,4.2,55,151,23,29,5.3,55,224,18,28.6,2.6,55,351,63,23.9,7.6,61,559,69,23.9,7.6,61,569,29,24.4,5.2,63,701,-18,24.4,5.2,63,711
25/07/24,0,28.7,3.2,61,0,0,27.9,6.4,51,58,11,28.7,1.6,63,114,12,29.2,4.6,63,151,18,28.9,5.1,55,224,9,29.5,4.5,53,351,33,23.6,9,63,559,71,23.6,9,63,569,0,23.7,4.6,63,701,-19,23.7,4.6,61,711
26/07/24,0,28.2,2,63,0,9,27.8,6.4,63,58,18,28.5,2,63,114,19,29.3,4.5,61,151,26,28.6,4.9,61,224,0,29.9,4.6,53,351,30,24.1,8.3,61,559,40,24.1,8.3,61,569,20,25.4,4.7,61,701,6,25.4,4.7,61,711
27/07/24,1,27.3,2,61,0,2,27.9,6.2,53,58,7,28.1,1.2,61,114,8,29.2,4.7,63,151,24,28.6,5.4,63,224,0,29.5,3.8,61,351,25,24.6,7.9,63,559,22,24.6,7.9,63,569,0,25.7,4.5,61,701,15,25.7,4.5,55,711
28/07/24,0,27.8,1.9,53,0,5,28.9,5.6,53,58,12,29.4,2.6,51,114,13,29.7,3.9,55,151,14,29,4.1,55,224,4,30.1,3,51,351,64,25.7,6.2,55,559,20,25.7,6.2,53,569,7,26.2,4.2,53,701,-19,26.2,4.2,53,711
29/07/24,0,28.6,2,51,0,18,29.1,4.2,63,58,26,30.1,1.9,61,114,35,30.1,3,61,151,93,29.7,3,65,224,56,30.5,3.1,65,351,51,26.7,6.2,63,559,79,26.7,6.2,63,569,7,26.7,3.1,53,701,-20,26.7,3.1,55,711
30/07/24,2,28.8,1.7,53,0,0,29.6,4.4,61,58,11,30.2,3.2,61,114,13,30.3,3.2,61,151,23,29.9,3.6,55,224,5,30.8,2.8,63,351,36,26.9,5.4,51,559,48,26.9,5.4,51,569,7,27.3,3.4,3,701,-26,27.3,3.4,3,711
31/07/24,1,29.8,2,51,0,4,30,4.6,55,58,12,30.8,3.1,51,114,12,30.3,3.3,55,151,15,29.9,4,55,224,2,29.8,2.9,53,351,40,26.1,5.1,53,559,45,26.1,5.1,61,569,0,28,4.1,51,701,-5,28,4.1,53,711
01/08/24,4,30,2.8,55,0,7,29.5,4.7,53,58,9,30.4,1.3,53,114,14,29.6,3.5,51,151,35,29.3,3.9,51,224,15,29.8,2.9,3,351,56,25.1,5.4,65,559,53,25.1,5.4,63,569,1,27.2,3.9,61,701,-8,27.2,3.9,61,711
02/08/24,1,28.6,2.6,61,0,3,28.8,4.9,61,58,3,28.5,1.4,63,114,4,29.7,3.5,63,151,21,29.4,4.1,63,224,10,30,2.6,63,351,21,26.1,7.1,63,559,29,26.1,7.1,63,569,2,26.9,4.8,61,701,-3,26.9,4.8,61,711
03/08/24,0,28.3,2.1,51,0,25,29.2,4.8,51,58,33,28.8,1.5,3,114,37,30.1,3.2,51,151,70,29.8,3.6,51,224,null,30.7,2.9,53,351,105,26.2,6.2,51,559,115,26.2,6.2,51,569,95,27.2,4.1,51,701,66,27.2,4.1,51,711
04/08/24,4,29.6,2.5,51,0,3,30.3,4.1,51,58,6,30.8,1.3,51,114,6,31.1,3.4,3,151,26,31,3.5,51,224,null,31.7,3,51,351,83,26,6.2,63,559,94,26,6.2,61,569,85,27,4.5,63,701,52,27,4.5,63,711